source_concept_id,codigo_fuente,cause_level,cause_name,level_1_name,level_2_name,level_3_name,level_4_name,cie10,regex_r,yll_flag,yld_flag,burden_component_class,redistribution_target_eligible_default,abds_target_scope_excluded,australia_check,australia_note,classification_basis,evidence_source,suggested_redistribution_pool,conflict_or_review_flag
9000010,10,1,"Condiciones transmisibles, maternas, perinatales y nutricionales","Condiciones transmisibles, maternas, perinatales y nutricionales",,,,"A00-B99, D50-D53, D64.9, E00-E02, E40-E46, E50-E64, G00-G04, G14, H65-H66, J00-J22, N70-N73, O00-O99, P00-P96, U04, U07, U09-U10",^(?:(?:A(?:00|01|02|03|04|05|06|07|08|09|10|11|12|13|14|15|16|17|18|19|20|21|22|23|24|25|26|27|28|29|30|31|32|33|34|35|36|37|38|39|40|41|42|43|44|45|46|47|48|49|50|51|52|53|54|55|56|57|58|59|60|61|62|63|64|65|66|67|68|69|70|71|72|73|74|75|76|77|78|79|80|81|82|83|84|85|86|87|88|89|90|91|92|93|94|95|96|97|98|99)[0-9]?|B(?:00|01|02|03|04|05|06|07|08|09|10|11|12|13|14|15|16|17|18|19|20|21|22|23|24|25|26|27|28|29|30|31|32|33|34|35|36|37|38|39|40|41|42|43|44|45|46|47|48|49|50|51|52|53|54|55|56|57|58|59|60|61|62|63|64|65|66|67|68|69|70|71|72|73|74|75|76|77|78|79|80|81|82|83|84|85|86|87|88|89|90|91|92|93|94|95|96|97|98|99)[0-9]?)|D(?:50|51|52|53)[0-9]?|D649|E(?:00|01|02)[0-9]?|E(?:40|41|42|43|44|45|46)[0-9]?|E(?:50|51|52|53|54|55|56|57|58|59|60|61|62|63|64)[0-9]?|G(?:00|01|02|03|04)[0-9]?|G14[0-9]?|H(?:65|66)[0-9]?|J(?:00|01|02|03|04|05|06|07|08|09|10|11|12|13|14|15|16|17|18|19|20|21|22)[0-9]?|N(?:70|71|72|73)[0-9]?|O(?:00|01|02|03|04|05|06|07|08|09|10|11|12|13|14|15|16|17|18|19|20|21|22|23|24|25|26|27|28|29|30|31|32|33|34|35|36|37|38|39|40|41|42|43|44|45|46|47|48|49|50|51|52|53|54|55|56|57|58|59|60|61|62|63|64|65|66|67|68|69|70|71|72|73|74|75|76|77|78|79|80|81|82|83|84|85|86|87|88|89|90|91|92|93|94|95|96|97|98|99)[0-9]?|P(?:00|01|02|03|04|05|06|07|08|09|10|11|12|13|14|15|16|17|18|19|20|21|22|23|24|25|26|27|28|29|30|31|32|33|34|35|36|37|38|39|40|41|42|43|44|45|46|47|48|49|50|51|52|53|54|55|56|57|58|59|60|61|62|63|64|65|66|67|68|69|70|71|72|73|74|75|76|77|78|79|80|81|82|83|84|85|86|87|88|89|90|91|92|93|94|95|96)[0-9]?|U04[0-9]?|U07[0-9]?|U(?:09|10)[0-9]?).*,1,1,both,1,0,not_checked,,Derived from descendants: mixed and/or both components present,Derived from project hierarchy / default unless contradicted by GBD or ABDS,,0
9000020,20,2,Enfermedades infecciosas y parasitarias,"Condiciones transmisibles, maternas, perinatales y nutricionales",Enfermedades infecciosas y parasitarias,,,"A00-B99, G00-G04, G14, N70-N73, P37.3, P37.4",^(?:(?:A(?:00|01|02|03|04|05|06|07|08|09|10|11|12|13|14|15|16|17|18|19|20|21|22|23|24|25|26|27|28|29|30|31|32|33|34|35|36|37|38|39|40|41|42|43|44|45|46|47|48|49|50|51|52|53|54|55|56|57|58|59|60|61|62|63|64|65|66|67|68|69|70|71|72|73|74|75|76|77|78|79|80|81|82|83|84|85|86|87|88|89|90|91|92|93|94|95|96|97|98|99)[0-9]?|B(?:00|01|02|03|04|05|06|07|08|09|10|11|12|13|14|15|16|17|18|19|20|21|22|23|24|25|26|27|28|29|30|31|32|33|34|35|36|37|38|39|40|41|42|43|44|45|46|47|48|49|50|51|52|53|54|55|56|57|58|59|60|61|62|63|64|65|66|67|68|69|70|71|72|73|74|75|76|77|78|79|80|81|82|83|84|85|86|87|88|89|90|91|92|93|94|95|96|97|98|99)[0-9]?)|G(?:00|01|02|03|04)[0-9]?|G14[0-9]?|N(?:70|71|72|73)[0-9]?|P373|P374).*,1,1,both,1,0,not_checked,,Derived from descendants: mixed and/or both components present,Derived from project hierarchy / default unless contradicted by GBD or ABDS,,0
9000030,30,3,Tuberculosis,"Condiciones transmisibles, maternas, perinatales y nutricionales",Enfermedades infecciosas y parasitarias,Tuberculosis,,"A15-A19, B90",^(?:A(?:15|16|17|18|19)[0-9]?|B90[0-9]?).*,1,1,both,1,0,not_checked,,Default structural rule: treat as potentially fatal and non-fatal unless explicit GBD/ABDS evidence indicates otherwise,Derived from project hierarchy / default unless contradicted by GBD or ABDS,,1
9000040,40,3,Enfermedades de transmisión sexual excluyendo VIH/SIDA,"Condiciones transmisibles, maternas, perinatales y nutricionales",Enfermedades infecciosas y parasitarias,Enfermedades de transmisión sexual excluyendo VIH/SIDA,,"A50-A64, N70-N73",^(?:A(?:50|51|52|53|54|55|56|57|58|59|60|61|62|63|64)[0-9]?|N(?:70|71|72|73)[0-9]?).*,1,1,both,1,0,not_checked,,Derived from descendants: mixed and/or both components present,Derived from project hierarchy / default unless contradicted by GBD or ABDS,,0
9000050,50,4,Sifilis,"Condiciones transmisibles, maternas, perinatales y nutricionales",Enfermedades infecciosas y parasitarias,Enfermedades de transmisión sexual excluyendo VIH/SIDA,Sifilis,A50-A53,^(?:A(?:50|51|52|53)[0-9]?).*,1,1,both,1,0,not_checked,,Default structural rule: treat as potentially fatal and non-fatal unless explicit GBD/ABDS evidence indicates otherwise,Derived from project hierarchy / default unless contradicted by GBD or ABDS,,1
9000060,60,4,Clamidia,"Condiciones transmisibles, maternas, perinatales y nutricionales",Enfermedades infecciosas y parasitarias,Enfermedades de transmisión sexual excluyendo VIH/SIDA,Clamidia,A55-A56,^(?:A(?:55|56)[0-9]?).*,1,1,both,1,0,not_checked,,Default structural rule: treat as potentially fatal and non-fatal unless explicit GBD/ABDS evidence indicates otherwise,Derived from project hierarchy / default unless contradicted by GBD or ABDS,,1
9000070,70,4,Gonorrea,"Condiciones transmisibles, maternas, perinatales y nutricionales",Enfermedades infecciosas y parasitarias,Enfermedades de transmisión sexual excluyendo VIH/SIDA,Gonorrea,A54,^(?:A54[0-9]?).*,1,1,both,1,0,not_checked,,Default structural rule: treat as potentially fatal and non-fatal unless explicit GBD/ABDS evidence indicates otherwise,Derived from project hierarchy / default unless contradicted by GBD or ABDS,,1
9000080,80,4,Tricomoniasis,"Condiciones transmisibles, maternas, perinatales y nutricionales",Enfermedades infecciosas y parasitarias,Enfermedades de transmisión sexual excluyendo VIH/SIDA,Tricomoniasis,A59,^(?:A59[0-9]?).*,0,1,yld_only,0,0,agree,,GBD exact/near-exact match,GBD 2021 hierarchy file,Redistribuir a infecciosas fatales hermanas del mismo bloque.,0
9000085,85,4,Herpes genital,"Condiciones transmisibles, maternas, perinatales y nutricionales",Enfermedades infecciosas y parasitarias,Enfermedades de transmisión sexual excluyendo VIH/SIDA,Herpes genital,A60,^(?:A60[0-9]?).*,0,1,yld_only,0,0,agree,,GBD exact/near-exact match,GBD 2021 hierarchy file,Redistribuir a infecciosas fatales hermanas del mismo bloque.,0
9000090,90,4,Otras enfermedades de transmisión sexual,"Condiciones transmisibles, maternas, perinatales y nutricionales",Enfermedades infecciosas y parasitarias,Enfermedades de transmisión sexual excluyendo VIH/SIDA,Otras enfermedades de transmisión sexual,"A57-A58, A63-A64, N70-N73",^(?:A(?:57|58)[0-9]?|A(?:63|64)[0-9]?|N(?:70|71|72|73)[0-9]?).*,1,1,both,1,0,not_checked,,Default structural rule: treat as potentially fatal and non-fatal unless explicit GBD/ABDS evidence indicates otherwise,Derived from project hierarchy / default unless contradicted by GBD or ABDS,,1
9000100,100,3,VIH/SIDA,"Condiciones transmisibles, maternas, perinatales y nutricionales",Enfermedades infecciosas y parasitarias,VIH/SIDA,,B20-B24,^(?:B(?:20|21|22|23|24)[0-9]?).*,1,1,both,1,0,not_checked,,Derived from descendants: mixed and/or both components present,Derived from project hierarchy / default unless contradicted by GBD or ABDS,,0
9000101,101,4,VIH que resulta en tuberculosis,"Condiciones transmisibles, maternas, perinatales y nutricionales",Enfermedades infecciosas y parasitarias,VIH/SIDA,VIH que resulta en tuberculosis,B20.0,^(?:B200).*,1,1,both,1,0,not_checked,,Default structural rule: treat as potentially fatal and non-fatal unless explicit GBD/ABDS evidence indicates otherwise,Derived from project hierarchy / default unless contradicted by GBD or ABDS,,1
9000102,102,4,VIH que resulta en otras enfermedades,"Condiciones transmisibles, maternas, perinatales y nutricionales",Enfermedades infecciosas y parasitarias,VIH/SIDA,VIH que resulta en otras enfermedades,B20-B24 (menos B20.0),^(?!B200$)(?:B(?:20|21|22|23|24)[0-9]?).*,1,1,both,1,0,not_checked,,Default structural rule: treat as potentially fatal and non-fatal unless explicit GBD/ABDS evidence indicates otherwise,Derived from project hierarchy / default unless contradicted by GBD or ABDS,,1
9000110,110,3,Enfermedades diarreicas,"Condiciones transmisibles, maternas, perinatales y nutricionales",Enfermedades infecciosas y parasitarias,Enfermedades diarreicas,,"A00, A01, A03, A04, A06-A09",^(?:A00[0-9]?|A01[0-9]?|A03[0-9]?|A04[0-9]?|A(?:06|07|08|09)[0-9]?).*,1,1,both,1,0,not_checked,,Default structural rule: treat as potentially fatal and non-fatal unless explicit GBD/ABDS evidence indicates otherwise,Derived from project hierarchy / default unless contradicted by GBD or ABDS,,1
9000120,120,3,Enfermedades agrupadas de la infancia,"Condiciones transmisibles, maternas, perinatales y nutricionales",Enfermedades infecciosas y parasitarias,Enfermedades agrupadas de la infancia,,"A33-A37, B05",^(?:A(?:33|34|35|36|37)[0-9]?|B05[0-9]?).*,1,1,both,1,0,not_checked,,Derived from descendants: mixed and/or both components present,Derived from project hierarchy / default unless contradicted by GBD or ABDS,,0
9000130,130,4,Tos ferina,"Condiciones transmisibles, maternas, perinatales y nutricionales",Enfermedades infecciosas y parasitarias,Enfermedades agrupadas de la infancia,Tos ferina,A37,^(?:A37[0-9]?).*,1,1,both,1,0,not_checked,,Default structural rule: treat as potentially fatal and non-fatal unless explicit GBD/ABDS evidence indicates otherwise,Derived from project hierarchy / default unless contradicted by GBD or ABDS,,1
9000140,140,4,Difteria,"Condiciones transmisibles, maternas, perinatales y nutricionales",Enfermedades infecciosas y parasitarias,Enfermedades agrupadas de la infancia,Difteria,A36,^(?:A36[0-9]?).*,1,1,both,1,0,not_checked,,Default structural rule: treat as potentially fatal and non-fatal unless explicit GBD/ABDS evidence indicates otherwise,Derived from project hierarchy / default unless contradicted by GBD or ABDS,,1
9000150,150,4,Sarampión,"Condiciones transmisibles, maternas, perinatales y nutricionales",Enfermedades infecciosas y parasitarias,Enfermedades agrupadas de la infancia,Sarampión,B05,^(?:B05[0-9]?).*,1,1,both,1,0,not_checked,,Default structural rule: treat as potentially fatal and non-fatal unless explicit GBD/ABDS evidence indicates otherwise,Derived from project hierarchy / default unless contradicted by GBD or ABDS,,1
9000160,160,4,Tetanos,"Condiciones transmisibles, maternas, perinatales y nutricionales",Enfermedades infecciosas y parasitarias,Enfermedades agrupadas de la infancia,Tetanos,A33-A35,^(?:A(?:33|34|35)[0-9]?).*,1,1,both,1,0,not_checked,,Default structural rule: treat as potentially fatal and non-fatal unless explicit GBD/ABDS evidence indicates otherwise,Derived from project hierarchy / default unless contradicted by GBD or ABDS,,1
9000170,170,3,Meningitis,"Condiciones transmisibles, maternas, perinatales y nutricionales",Enfermedades infecciosas y parasitarias,Meningitis,,"A39, G00, G03",^(?:A39[0-9]?|G00[0-9]?|G03[0-9]?).*,1,1,both,1,0,not_checked,,Default structural rule: treat as potentially fatal and non-fatal unless explicit GBD/ABDS evidence indicates otherwise,Derived from project hierarchy / default unless contradicted by GBD or ABDS,,1
9000180,180,3,Encefalitis,"Condiciones transmisibles, maternas, perinatales y nutricionales",Enfermedades infecciosas y parasitarias,Encefalitis,,"A83-A86, B94.1, G04",^(?:A(?:83|84|85|86)[0-9]?|B941|G04[0-9]?).*,1,1,both,1,0,not_checked,,Default structural rule: treat as potentially fatal and non-fatal unless explicit GBD/ABDS evidence indicates otherwise,Derived from project hierarchy / default unless contradicted by GBD or ABDS,,1
9000185,185,3,Hepatitis,"Condiciones transmisibles, maternas, perinatales y nutricionales",Enfermedades infecciosas y parasitarias,Hepatitis,,B15-B19 (menos B17.8),^(?!B178$)(?:B(?:15|16|17|18|19)[0-9]?).*,1,1,both,1,0,not_checked,,Derived from descendants: mixed and/or both components present,Derived from project hierarchy / default unless contradicted by GBD or ABDS,,0
9000186,186,4,Hepatitis aguda A,"Condiciones transmisibles, maternas, perinatales y nutricionales",Enfermedades infecciosas y parasitarias,Hepatitis,Hepatitis aguda A,B15,^(?:B15[0-9]?).*,1,1,both,1,0,not_checked,,Default structural rule: treat as potentially fatal and non-fatal unless explicit GBD/ABDS evidence indicates otherwise,Derived from project hierarchy / default unless contradicted by GBD or ABDS,,1
9000190,190,4,Hepatitis aguda B,"Condiciones transmisibles, maternas, perinatales y nutricionales",Enfermedades infecciosas y parasitarias,Hepatitis,Hepatitis aguda B,"B16-B19 (menos B17.1, B17.2, B18.2, B18.8)",^(?!B171$)(?!B172$)(?!B182$)(?!B188$)(?:B(?:16|17|18|19)[0-9]?).*,1,1,both,1,0,not_checked,,Default structural rule: treat as potentially fatal and non-fatal unless explicit GBD/ABDS evidence indicates otherwise,Derived from project hierarchy / default unless contradicted by GBD or ABDS,,1
9000200,200,4,Hepatitis aguda C,"Condiciones transmisibles, maternas, perinatales y nutricionales",Enfermedades infecciosas y parasitarias,Hepatitis,Hepatitis aguda C,"B17.1, B18.2",^(?:B171|B182).*,1,1,both,1,0,not_checked,,Default structural rule: treat as potentially fatal and non-fatal unless explicit GBD/ABDS evidence indicates otherwise,Derived from project hierarchy / default unless contradicted by GBD or ABDS,,1
9000205,205,4,Hepatitis aguda D,"Condiciones transmisibles, maternas, perinatales y nutricionales",Enfermedades infecciosas y parasitarias,Hepatitis,Hepatitis aguda D,"B17.2, B18.8",^(?:B172|B188).*,1,1,both,1,0,not_checked,,Default structural rule: treat as potentially fatal and non-fatal unless explicit GBD/ABDS evidence indicates otherwise,Derived from project hierarchy / default unless contradicted by GBD or ABDS,,1
9000210,210,3,Enfermedades parasitarias y transmitidas por vectores,"Condiciones transmisibles, maternas, perinatales y nutricionales",Enfermedades infecciosas y parasitarias,Enfermedades parasitarias y transmitidas por vectores,,"A71, A82, A90-A91, A95, B50-B57, B65, B67, B69, B73, B74.0-B74.2, P37.3-P37.4",^(?:A71[0-9]?|A82[0-9]?|A(?:90|91)[0-9]?|A95[0-9]?|B(?:50|51|52|53|54|55|56|57)[0-9]?|B65[0-9]?|B67[0-9]?|B69[0-9]?|B73[0-9]?|B74[0-2]|P37[3-4]).*,1,1,both,1,0,not_checked,,Derived from descendants: mixed and/or both components present,Derived from project hierarchy / default unless contradicted by GBD or ABDS,,0
9000220,220,4,Malaria,"Condiciones transmisibles, maternas, perinatales y nutricionales",Enfermedades infecciosas y parasitarias,Enfermedades parasitarias y transmitidas por vectores,Malaria,"B50-B54, P37.3, P37.4",^(?:B(?:50|51|52|53|54)[0-9]?|P373|P374).*,1,1,both,1,0,not_checked,,Default structural rule: treat as potentially fatal and non-fatal unless explicit GBD/ABDS evidence indicates otherwise,Derived from project hierarchy / default unless contradicted by GBD or ABDS,,1
9000230,230,4,Tripanosomiasis,"Condiciones transmisibles, maternas, perinatales y nutricionales",Enfermedades infecciosas y parasitarias,Enfermedades parasitarias y transmitidas por vectores,Tripanosomiasis,B56,^(?:B56[0-9]?).*,1,1,both,1,0,not_checked,,Default structural rule: treat as potentially fatal and non-fatal unless explicit GBD/ABDS evidence indicates otherwise,Derived from project hierarchy / default unless contradicted by GBD or ABDS,,1
9000240,240,4,Enfermedad de Chagas,"Condiciones transmisibles, maternas, perinatales y nutricionales",Enfermedades infecciosas y parasitarias,Enfermedades parasitarias y transmitidas por vectores,Enfermedad de Chagas,B57,^(?:B57[0-9]?).*,1,1,both,1,0,not_checked,,Default structural rule: treat as potentially fatal and non-fatal unless explicit GBD/ABDS evidence indicates otherwise,Derived from project hierarchy / default unless contradicted by GBD or ABDS,,1
9000250,250,4,Esquistosomiasis,"Condiciones transmisibles, maternas, perinatales y nutricionales",Enfermedades infecciosas y parasitarias,Enfermedades parasitarias y transmitidas por vectores,Esquistosomiasis,B65,^(?:B65[0-9]?).*,1,1,both,1,0,not_checked,,Default structural rule: treat as potentially fatal and non-fatal unless explicit GBD/ABDS evidence indicates otherwise,Derived from project hierarchy / default unless contradicted by GBD or ABDS,,1
9000260,260,4,Leishmaniasis,"Condiciones transmisibles, maternas, perinatales y nutricionales",Enfermedades infecciosas y parasitarias,Enfermedades parasitarias y transmitidas por vectores,Leishmaniasis,B55,^(?:B55[0-9]?).*,1,1,both,1,0,not_checked,,Default structural rule: treat as potentially fatal and non-fatal unless explicit GBD/ABDS evidence indicates otherwise,Derived from project hierarchy / default unless contradicted by GBD or ABDS,,1
9000270,270,4,Filariasis linfática,"Condiciones transmisibles, maternas, perinatales y nutricionales",Enfermedades infecciosas y parasitarias,Enfermedades parasitarias y transmitidas por vectores,Filariasis linfática,B74.0-B74.2,^(?:B74[0-2]).*,0,1,yld_only,0,0,agree,,GBD exact/near-exact match,GBD 2021 hierarchy file,Redistribuir a infecciosas fatales hermanas del mismo bloque.,0
9000280,280,4,Oncocercosis,"Condiciones transmisibles, maternas, perinatales y nutricionales",Enfermedades infecciosas y parasitarias,Enfermedades parasitarias y transmitidas por vectores,Oncocercosis,B73,^(?:B73[0-9]?).*,0,1,yld_only,0,0,agree,,GBD exact/near-exact match,GBD 2021 hierarchy file,Redistribuir a infecciosas fatales hermanas del mismo bloque.,0
9000285,285,4,Cisticercosis,"Condiciones transmisibles, maternas, perinatales y nutricionales",Enfermedades infecciosas y parasitarias,Enfermedades parasitarias y transmitidas por vectores,Cisticercosis,B69,^(?:B69[0-9]?).*,1,1,both,1,0,not_checked,,Default structural rule: treat as potentially fatal and non-fatal unless explicit GBD/ABDS evidence indicates otherwise,Derived from project hierarchy / default unless contradicted by GBD or ABDS,,1
9000295,295,4,Equinococosis,"Condiciones transmisibles, maternas, perinatales y nutricionales",Enfermedades infecciosas y parasitarias,Enfermedades parasitarias y transmitidas por vectores,Equinococosis,B67,^(?:B67[0-9]?).*,1,1,both,1,0,not_checked,,Default structural rule: treat as potentially fatal and non-fatal unless explicit GBD/ABDS evidence indicates otherwise,Derived from project hierarchy / default unless contradicted by GBD or ABDS,,1
9000300,300,4,Dengue,"Condiciones transmisibles, maternas, perinatales y nutricionales",Enfermedades infecciosas y parasitarias,Enfermedades parasitarias y transmitidas por vectores,Dengue,A90-A91,^(?:A(?:90|91)[0-9]?).*,1,1,both,1,0,not_checked,,Default structural rule: treat as potentially fatal and non-fatal unless explicit GBD/ABDS evidence indicates otherwise,Derived from project hierarchy / default unless contradicted by GBD or ABDS,,1
9000310,310,4,Tracoma,"Condiciones transmisibles, maternas, perinatales y nutricionales",Enfermedades infecciosas y parasitarias,Enfermedades parasitarias y transmitidas por vectores,Tracoma,A71,^(?:A71[0-9]?).*,0,1,yld_only,0,0,agree,,GBD exact/near-exact match,GBD 2021 hierarchy file,Redistribuir a infecciosas fatales hermanas del mismo bloque.,0
9000315,315,4,Fiebre amarilla,"Condiciones transmisibles, maternas, perinatales y nutricionales",Enfermedades infecciosas y parasitarias,Enfermedades parasitarias y transmitidas por vectores,Fiebre amarilla,A95,^(?:A95[0-9]?).*,1,1,both,1,0,not_checked,,Default structural rule: treat as potentially fatal and non-fatal unless explicit GBD/ABDS evidence indicates otherwise,Derived from project hierarchy / default unless contradicted by GBD or ABDS,,1
9000320,320,4,Rabia,"Condiciones transmisibles, maternas, perinatales y nutricionales",Enfermedades infecciosas y parasitarias,Enfermedades parasitarias y transmitidas por vectores,Rabia,A82,^(?:A82[0-9]?).*,1,1,both,1,0,not_checked,,Default structural rule: treat as potentially fatal and non-fatal unless explicit GBD/ABDS evidence indicates otherwise,Derived from project hierarchy / default unless contradicted by GBD or ABDS,,1
9000330,330,3,Infecciones intestinales por nematodos,"Condiciones transmisibles, maternas, perinatales y nutricionales",Enfermedades infecciosas y parasitarias,Infecciones intestinales por nematodos,,B76-B81,^(?:B(?:76|77|78|79|80|81)[0-9]?).*,1,1,both,1,0,not_checked,,Derived from descendants: mixed and/or both components present,Derived from project hierarchy / default unless contradicted by GBD or ABDS,,0
9000340,340,4,Ascariasis,"Condiciones transmisibles, maternas, perinatales y nutricionales",Enfermedades infecciosas y parasitarias,Infecciones intestinales por nematodos,Ascariasis,B77,^(?:B77[0-9]?).*,1,1,both,1,0,not_checked,,Default structural rule: treat as potentially fatal and non-fatal unless explicit GBD/ABDS evidence indicates otherwise,Derived from project hierarchy / default unless contradicted by GBD or ABDS,,1
9000350,350,4,Trichuriasis,"Condiciones transmisibles, maternas, perinatales y nutricionales",Enfermedades infecciosas y parasitarias,Infecciones intestinales por nematodos,Trichuriasis,B79,^(?:B79[0-9]?).*,0,1,yld_only,0,0,agree,,GBD exact/near-exact match,GBD 2021 hierarchy file,Redistribuir a infecciosas fatales hermanas del mismo bloque.,0
9000360,360,4,Enfermedad por anquilostoma,"Condiciones transmisibles, maternas, perinatales y nutricionales",Enfermedades infecciosas y parasitarias,Infecciones intestinales por nematodos,Enfermedad por anquilostoma,B76,^(?:B76[0-9]?).*,0,1,yld_only,0,0,agree,,GBD exact/near-exact match,GBD 2021 hierarchy file,Redistribuir a infecciosas fatales hermanas del mismo bloque.,0
9000362,362,4,Trematodos transmitidos por alimentos,"Condiciones transmisibles, maternas, perinatales y nutricionales",Enfermedades infecciosas y parasitarias,Infecciones intestinales por nematodos,Trematodos transmitidos por alimentos,"B78, B80, B81",^(?:B78[0-9]?|B80[0-9]?|B81[0-9]?).*,0,1,yld_only,0,0,agree,,GBD exact/near-exact match,GBD 2021 hierarchy file,Redistribuir a infecciosas fatales hermanas del mismo bloque.,0
9000365,365,3,Lepra,"Condiciones transmisibles, maternas, perinatales y nutricionales",Enfermedades infecciosas y parasitarias,Lepra,,A30,^(?:A30[0-9]?).*,0,1,yld_only,0,0,agree,,GBD exact/near-exact match,GBD 2021 hierarchy file,Redistribuir a infecciosas fatales hermanas del mismo bloque.,0
9000370,370,3,Otras enfermedades infecciosas,"Condiciones transmisibles, maternas, perinatales y nutricionales",Enfermedades infecciosas y parasitarias,Otras enfermedades infecciosas,,"A02, A05, A20-A28, A31, A32, A38, A40-A49, A65-A70, A74-A79, A80-A81, A87-A99, B00-B04, B06-B09, B17.8, B25-B49, B58-B60, B64, B66, B68, B70-B72, B74.3-B74.9, B75, B82-B89, B91-B99 (menos B94.1), G14",^(?!B941$)(?:A02[0-9]?|A05[0-9]?|A(?:20|21|22|23|24|25|26|27|28)[0-9]?|A31[0-9]?|A32[0-9]?|A38[0-9]?|A(?:40|41|42|43|44|45|46|47|48|49)[0-9]?|A(?:65|66|67|68|69|70)[0-9]?|A(?:74|75|76|77|78|79)[0-9]?|A(?:80|81)[0-9]?|A(?:87|88|89|90|91|92|93|94|95|96|97|98|99)[0-9]?|B(?:00|01|02|03|04)[0-9]?|B(?:06|07|08|09)[0-9]?|B178|B(?:25|26|27|28|29|30|31|32|33|34|35|36|37|38|39|40|41|42|43|44|45|46|47|48|49)[0-9]?|B(?:58|59|60)[0-9]?|B64[0-9]?|B66[0-9]?|B68[0-9]?|B(?:70|71|72)[0-9]?|B74[3-9]|B75[0-9]?|B(?:82|83|84|85|86|87|88|89)[0-9]?|B(?:91|92|93|94|95|96|97|98|99)[0-9]?|G14[0-9]?).*,1,1,both,1,0,not_checked,,Default structural rule: treat as potentially fatal and non-fatal unless explicit GBD/ABDS evidence indicates otherwise,Derived from project hierarchy / default unless contradicted by GBD or ABDS,,1
9000380,380,2,Infecciones respiratorias,"Condiciones transmisibles, maternas, perinatales y nutricionales",Infecciones respiratorias,,,"H65-H66, J00-J22, P23, U04",^(?:H(?:65|66)[0-9]?|J(?:00|01|02|03|04|05|06|07|08|09|10|11|12|13|14|15|16|17|18|19|20|21|22)[0-9]?|P23[0-9]?|U04[0-9]?).*,1,1,both,1,0,not_checked,,Derived from descendants: mixed and/or both components present,Derived from project hierarchy / default unless contradicted by GBD or ABDS,,0
9000390,390,3,Infecciones de vías respiratorias inferiores,"Condiciones transmisibles, maternas, perinatales y nutricionales",Infecciones respiratorias,Infecciones de vías respiratorias inferiores,,"J09-J22, P23, U04, U07, U09-U10",^(?:J(?:09|10|11|12|13|14|15|16|17|18|19|20|21|22)[0-9]?|P23[0-9]?|U04[0-9]?|U07[0-9]?|U(?:09|10)[0-9]?).*,1,1,both,1,0,not_checked,,Default structural rule: treat as potentially fatal and non-fatal unless explicit GBD/ABDS evidence indicates otherwise,Derived from project hierarchy / default unless contradicted by GBD or ABDS,,1
9000395,395,3,COVID-19,"Condiciones transmisibles, maternas, perinatales y nutricionales",Infecciones respiratorias,COVID-19,,"U07, U09-U10",^(?:U07[0-9]?|U(?:09|10)[0-9]?).*,1,1,both,1,0,not_checked,,Default structural rule: treat as potentially fatal and non-fatal unless explicit GBD/ABDS evidence indicates otherwise,Derived from project hierarchy / default unless contradicted by GBD or ABDS,,1
9000400,400,3,Infecciones de vías respiratorias superiores,"Condiciones transmisibles, maternas, perinatales y nutricionales",Infecciones respiratorias,Infecciones de vías respiratorias superiores,,J00-J06,^(?:J(?:00|01|02|03|04|05|06)[0-9]?).*,1,1,both,1,0,not_checked,,Default structural rule: treat as potentially fatal and non-fatal unless explicit GBD/ABDS evidence indicates otherwise,Derived from project hierarchy / default unless contradicted by GBD or ABDS,,1
9000410,410,3,Otitis media,"Condiciones transmisibles, maternas, perinatales y nutricionales",Infecciones respiratorias,Otitis media,,H65-H66,^(?:H(?:65|66)[0-9]?).*,1,1,both,1,0,not_checked,,Default structural rule: treat as potentially fatal and non-fatal unless explicit GBD/ABDS evidence indicates otherwise,Derived from project hierarchy / default unless contradicted by GBD or ABDS,,1
9000420,420,2,Condiciones maternas,"Condiciones transmisibles, maternas, perinatales y nutricionales",Condiciones maternas,,,O00-O99,^(?:O(?:00|01|02|03|04|05|06|07|08|09|10|11|12|13|14|15|16|17|18|19|20|21|22|23|24|25|26|27|28|29|30|31|32|33|34|35|36|37|38|39|40|41|42|43|44|45|46|47|48|49|50|51|52|53|54|55|56|57|58|59|60|61|62|63|64|65|66|67|68|69|70|71|72|73|74|75|76|77|78|79|80|81|82|83|84|85|86|87|88|89|90|91|92|93|94|95|96|97|98|99)[0-9]?).*,1,1,both,0,1,not_checked,,Default structural rule: treat as potentially fatal and non-fatal unless explicit GBD/ABDS evidence indicates otherwise,Derived from project hierarchy / default unless contradicted by GBD or ABDS,,1
9000490,490,2,Condiciones neonatales,"Condiciones transmisibles, maternas, perinatales y nutricionales",Condiciones neonatales,,,"P00-P96 (menos P23, P37.3, P37.4)",^(?!P23[0-9]?$)(?!P373$)(?!P374$)(?:P(?:00|01|02|03|04|05|06|07|08|09|10|11|12|13|14|15|16|17|18|19|20|21|22|23|24|25|26|27|28|29|30|31|32|33|34|35|36|37|38|39|40|41|42|43|44|45|46|47|48|49|50|51|52|53|54|55|56|57|58|59|60|61|62|63|64|65|66|67|68|69|70|71|72|73|74|75|76|77|78|79|80|81|82|83|84|85|86|87|88|89|90|91|92|93|94|95|96)[0-9]?).*,1,1,both,1,0,not_checked,,Derived from descendants: mixed and/or both components present,Derived from project hierarchy / default unless contradicted by GBD or ABDS,,0
9000500,500,3,Complicaciones del parto prematuro,"Condiciones transmisibles, maternas, perinatales y nutricionales",Condiciones neonatales,Complicaciones del parto prematuro,,"P05, P07, P22, P27-P28",^(?:P05[0-9]?|P07[0-9]?|P22[0-9]?|P(?:27|28)[0-9]?).*,1,1,both,1,0,not_checked,,Default structural rule: treat as potentially fatal and non-fatal unless explicit GBD/ABDS evidence indicates otherwise,Derived from project hierarchy / default unless contradicted by GBD or ABDS,,1
9000510,510,3,Asfixia perinatal y trauma del parto,"Condiciones transmisibles, maternas, perinatales y nutricionales",Condiciones neonatales,Asfixia perinatal y trauma del parto,,"P03, P10-P15, P20-P21, P24-P26, P29",^(?:P03[0-9]?|P(?:10|11|12|13|14|15)[0-9]?|P(?:20|21)[0-9]?|P(?:24|25|26)[0-9]?|P29[0-9]?).*,1,1,both,1,0,not_checked,,Default structural rule: treat as potentially fatal and non-fatal unless explicit GBD/ABDS evidence indicates otherwise,Derived from project hierarchy / default unless contradicted by GBD or ABDS,,1
9000520,520,3,Sepsis neonatal e infecciones,"Condiciones transmisibles, maternas, perinatales y nutricionales",Condiciones neonatales,Sepsis neonatal e infecciones,,"P35-P39 (menos P37.3, P37.4)",^(?!P373$)(?!P374$)(?:P(?:35|36|37|38|39)[0-9]?).*,1,1,both,1,0,not_checked,,Default structural rule: treat as potentially fatal and non-fatal unless explicit GBD/ABDS evidence indicates otherwise,Derived from project hierarchy / default unless contradicted by GBD or ABDS,,1
9000530,530,3,Otras condiciones neonatales,"Condiciones transmisibles, maternas, perinatales y nutricionales",Condiciones neonatales,Otras condiciones neonatales,,"P00-P02, P04, P08, P50-P96",^(?:P(?:00|01|02)[0-9]?|P04[0-9]?|P08[0-9]?|P(?:50|51|52|53|54|55|56|57|58|59|60|61|62|63|64|65|66|67|68|69|70|71|72|73|74|75|76|77|78|79|80|81|82|83|84|85|86|87|88|89|90|91|92|93|94|95|96)[0-9]?).*,1,1,both,1,0,not_checked,,Default structural rule: treat as potentially fatal and non-fatal unless explicit GBD/ABDS evidence indicates otherwise,Derived from project hierarchy / default unless contradicted by GBD or ABDS,,1
9000540,540,2,Deficiencias nutricionales,"Condiciones transmisibles, maternas, perinatales y nutricionales",Deficiencias nutricionales,,,"D50-D53, E00-E02, E40-E46, E50-E64",^(?:D(?:50|51|52|53)[0-9]?|E(?:00|01|02)[0-9]?|E(?:40|41|42|43|44|45|46)[0-9]?|E(?:50|51|52|53|54|55|56|57|58|59|60|61|62|63|64)[0-9]?).*,1,1,both,1,0,not_checked,,Derived from descendants: mixed and/or both components present,Derived from project hierarchy / default unless contradicted by GBD or ABDS,,0
9000550,550,3,Desnutrición proteico-energética,"Condiciones transmisibles, maternas, perinatales y nutricionales",Deficiencias nutricionales,Desnutrición proteico-energética,,E40-E46,^(?:E(?:40|41|42|43|44|45|46)[0-9]?).*,1,1,both,1,0,not_checked,,Default structural rule: treat as potentially fatal and non-fatal unless explicit GBD/ABDS evidence indicates otherwise,Derived from project hierarchy / default unless contradicted by GBD or ABDS,,1
9000560,560,3,Deficiencia de yodo,"Condiciones transmisibles, maternas, perinatales y nutricionales",Deficiencias nutricionales,Deficiencia de yodo,,E00-E02,^(?:E(?:00|01|02)[0-9]?).*,0,1,yld_only,0,0,agree,,GBD exact/near-exact match,GBD 2021 hierarchy file,Redistribuir dentro de nutricionales fatales plausibles o infecciosas relacionadas.,0
9000570,570,3,Deficiencia de vitamina A,"Condiciones transmisibles, maternas, perinatales y nutricionales",Deficiencias nutricionales,Deficiencia de vitamina A,,E50,^(?:E50[0-9]?).*,0,1,yld_only,0,0,agree,,GBD exact/near-exact match,GBD 2021 hierarchy file,Redistribuir dentro de nutricionales fatales plausibles o infecciosas relacionadas.,0
9000580,580,3,Deficiencia de hierro en la dieta,"Condiciones transmisibles, maternas, perinatales y nutricionales",Deficiencias nutricionales,Deficiencia de hierro en la dieta,,"D50, D64.9",^(?:D50[0-9]?|D649).*,0,1,yld_only,0,0,agree,,GBD exact/near-exact match,GBD 2021 hierarchy file,Redistribuir dentro de nutricionales fatales plausibles o infecciosas relacionadas.,0
9000590,590,3,Otras deficiencias nutricionales,"Condiciones transmisibles, maternas, perinatales y nutricionales",Deficiencias nutricionales,Otras deficiencias nutricionales,,"D51-D53, E51-E64",^(?:D(?:51|52|53)[0-9]?|E(?:51|52|53|54|55|56|57|58|59|60|61|62|63|64)[0-9]?).*,1,1,both,1,0,not_checked,,Default structural rule: treat as potentially fatal and non-fatal unless explicit GBD/ABDS evidence indicates otherwise,Derived from project hierarchy / default unless contradicted by GBD or ABDS,,1
9000600,600,1,Enfermedades no transmisibles,Enfermedades no transmisibles,,,,"C00-C97, D00-D48, D55-D64 (menos D64.9), D65-D89, E03-E07, E10-E34, E65-E88, F01-F99, G06-G98 (menos G14), H00-H61, H68-H93, I00-I99, J30-J98 (menos J69, J96), K00-K92, L00-L98, M00-M99, N00-N64, N75-N98, Q00-Q99, X41-X42, X44, X45, R95",^(?!D649$)(?!G14[0-9]?$)(?!J69[0-9]?$)(?!J96[0-9]?$)(?:C(?:00|01|02|03|04|05|06|07|08|09|10|11|12|13|14|15|16|17|18|19|20|21|22|23|24|25|26|27|28|29|30|31|32|33|34|35|36|37|38|39|40|41|42|43|44|45|46|47|48|49|50|51|52|53|54|55|56|57|58|59|60|61|62|63|64|65|66|67|68|69|70|71|72|73|74|75|76|77|78|79|80|81|82|83|84|85|86|87|88|89|90|91|92|93|94|95|96|97)[0-9]?|D(?:00|01|02|03|04|05|06|07|08|09|10|11|12|13|14|15|16|17|18|19|20|21|22|23|24|25|26|27|28|29|30|31|32|33|34|35|36|37|38|39|40|41|42|43|44|45|46|47|48)[0-9]?|D(?:55|56|57|58|59|60|61|62|63|64)[0-9]?|D(?:65|66|67|68|69|70|71|72|73|74|75|76|77|78|79|80|81|82|83|84|85|86|87|88|89)[0-9]?|E(?:03|04|05|06|07)[0-9]?|E(?:10|11|12|13|14|15|16|17|18|19|20|21|22|23|24|25|26|27|28|29|30|31|32|33|34)[0-9]?|E(?:65|66|67|68|69|70|71|72|73|74|75|76|77|78|79|80|81|82|83|84|85|86|87|88)[0-9]?|F(?:01|02|03|04|05|06|07|08|09|10|11|12|13|14|15|16|17|18|19|20|21|22|23|24|25|26|27|28|29|30|31|32|33|34|35|36|37|38|39|40|41|42|43|44|45|46|47|48|49|50|51|52|53|54|55|56|57|58|59|60|61|62|63|64|65|66|67|68|69|70|71|72|73|74|75|76|77|78|79|80|81|82|83|84|85|86|87|88|89|90|91|92|93|94|95|96|97|98|99)[0-9]?|G(?:06|07|08|09|10|11|12|13|14|15|16|17|18|19|20|21|22|23|24|25|26|27|28|29|30|31|32|33|34|35|36|37|38|39|40|41|42|43|44|45|46|47|48|49|50|51|52|53|54|55|56|57|58|59|60|61|62|63|64|65|66|67|68|69|70|71|72|73|74|75|76|77|78|79|80|81|82|83|84|85|86|87|88|89|90|91|92|93|94|95|96|97|98)[0-9]?|H(?:00|01|02|03|04|05|06|07|08|09|10|11|12|13|14|15|16|17|18|19|20|21|22|23|24|25|26|27|28|29|30|31|32|33|34|35|36|37|38|39|40|41|42|43|44|45|46|47|48|49|50|51|52|53|54|55|56|57|58|59|60|61)[0-9]?|H(?:68|69|70|71|72|73|74|75|76|77|78|79|80|81|82|83|84|85|86|87|88|89|90|91|92|93)[0-9]?|I(?:00|01|02|03|04|05|06|07|08|09|10|11|12|13|14|15|16|17|18|19|20|21|22|23|24|25|26|27|28|29|30|31|32|33|34|35|36|37|38|39|40|41|42|43|44|45|46|47|48|49|50|51|52|53|54|55|56|57|58|59|60|61|62|63|64|65|66|67|68|69|70|71|72|73|74|75|76|77|78|79|80|81|82|83|84|85|86|87|88|89|90|91|92|93|94|95|96|97|98|99)[0-9]?|J(?:30|31|32|33|34|35|36|37|38|39|40|41|42|43|44|45|46|47|48|49|50|51|52|53|54|55|56|57|58|59|60|61|62|63|64|65|66|67|68|69|70|71|72|73|74|75|76|77|78|79|80|81|82|83|84|85|86|87|88|89|90|91|92|93|94|95|96|97|98)[0-9]?|K(?:00|01|02|03|04|05|06|07|08|09|10|11|12|13|14|15|16|17|18|19|20|21|22|23|24|25|26|27|28|29|30|31|32|33|34|35|36|37|38|39|40|41|42|43|44|45|46|47|48|49|50|51|52|53|54|55|56|57|58|59|60|61|62|63|64|65|66|67|68|69|70|71|72|73|74|75|76|77|78|79|80|81|82|83|84|85|86|87|88|89|90|91|92)[0-9]?|L(?:00|01|02|03|04|05|06|07|08|09|10|11|12|13|14|15|16|17|18|19|20|21|22|23|24|25|26|27|28|29|30|31|32|33|34|35|36|37|38|39|40|41|42|43|44|45|46|47|48|49|50|51|52|53|54|55|56|57|58|59|60|61|62|63|64|65|66|67|68|69|70|71|72|73|74|75|76|77|78|79|80|81|82|83|84|85|86|87|88|89|90|91|92|93|94|95|96|97|98)[0-9]?|M(?:00|01|02|03|04|05|06|07|08|09|10|11|12|13|14|15|16|17|18|19|20|21|22|23|24|25|26|27|28|29|30|31|32|33|34|35|36|37|38|39|40|41|42|43|44|45|46|47|48|49|50|51|52|53|54|55|56|57|58|59|60|61|62|63|64|65|66|67|68|69|70|71|72|73|74|75|76|77|78|79|80|81|82|83|84|85|86|87|88|89|90|91|92|93|94|95|96|97|98|99)[0-9]?|N(?:00|01|02|03|04|05|06|07|08|09|10|11|12|13|14|15|16|17|18|19|20|21|22|23|24|25|26|27|28|29|30|31|32|33|34|35|36|37|38|39|40|41|42|43|44|45|46|47|48|49|50|51|52|53|54|55|56|57|58|59|60|61|62|63|64)[0-9]?|N(?:75|76|77|78|79|80|81|82|83|84|85|86|87|88|89|90|91|92|93|94|95|96|97|98)[0-9]?|Q(?:00|01|02|03|04|05|06|07|08|09|10|11|12|13|14|15|16|17|18|19|20|21|22|23|24|25|26|27|28|29|30|31|32|33|34|35|36|37|38|39|40|41|42|43|44|45|46|47|48|49|50|51|52|53|54|55|56|57|58|59|60|61|62|63|64|65|66|67|68|69|70|71|72|73|74|75|76|77|78|79|80|81|82|83|84|85|86|87|88|89|90|91|92|93|94|95|96|97|98|99)[0-9]?|X(?:41|42)[0-9]?|X44[0-9]?|X45[0-9]?|R95[0-9]?).*,1,1,both,1,0,not_checked,,Derived from descendants: mixed and/or both components present,Derived from project hierarchy / default unless contradicted by GBD or ABDS,,0
9000610,610,2,Neoplasias malignas,Enfermedades no transmisibles,Neoplasias malignas,,,C00-C97,^(?:C(?:00|01|02|03|04|05|06|07|08|09|10|11|12|13|14|15|16|17|18|19|20|21|22|23|24|25|26|27|28|29|30|31|32|33|34|35|36|37|38|39|40|41|42|43|44|45|46|47|48|49|50|51|52|53|54|55|56|57|58|59|60|61|62|63|64|65|66|67|68|69|70|71|72|73|74|75|76|77|78|79|80|81|82|83|84|85|86|87|88|89|90|91|92|93|94|95|96|97)[0-9]?).*,1,1,both,1,0,not_checked,,Derived from descendants: mixed and/or both components present,Derived from project hierarchy / default unless contradicted by GBD or ABDS,,0
9000620,620,3,Cánceres de boca y orofaringe,Enfermedades no transmisibles,Neoplasias malignas,Cánceres de boca y orofaringe,,C00-C14,^(?:C(?:00|01|02|03|04|05|06|07|08|09|10|11|12|13|14)[0-9]?).*,1,1,both,1,0,not_checked,,Derived from descendants: mixed and/or both components present,Derived from project hierarchy / default unless contradicted by GBD or ABDS,,0
9000621,621,4,Labio y cavidad oral,Enfermedades no transmisibles,Neoplasias malignas,Cánceres de boca y orofaringe,Labio y cavidad oral,C00-C08,^(?:C(?:00|01|02|03|04|05|06|07|08)[0-9]?).*,1,1,both,1,0,not_checked,,Default structural rule: treat as potentially fatal and non-fatal unless explicit GBD/ABDS evidence indicates otherwise,Derived from project hierarchy / default unless contradicted by GBD or ABDS,,1
9000622,622,4,Nasofaringe,Enfermedades no transmisibles,Neoplasias malignas,Cánceres de boca y orofaringe,Nasofaringe,C11,^(?:C11[0-9]?).*,1,1,both,1,0,not_checked,,Default structural rule: treat as potentially fatal and non-fatal unless explicit GBD/ABDS evidence indicates otherwise,Derived from project hierarchy / default unless contradicted by GBD or ABDS,,1
9000623,623,4,Otras partes de la faringe,Enfermedades no transmisibles,Neoplasias malignas,Cánceres de boca y orofaringe,Otras partes de la faringe,"C09-C10, C12-C14",^(?:C(?:09|10)[0-9]?|C(?:12|13|14)[0-9]?).*,1,1,both,1,0,not_checked,,Default structural rule: treat as potentially fatal and non-fatal unless explicit GBD/ABDS evidence indicates otherwise,Derived from project hierarchy / default unless contradicted by GBD or ABDS,,1
9000630,630,3,Cáncer de esófago,Enfermedades no transmisibles,Neoplasias malignas,Cáncer de esófago,,C15,^(?:C15[0-9]?).*,1,1,both,1,0,not_checked,,Default structural rule: treat as potentially fatal and non-fatal unless explicit GBD/ABDS evidence indicates otherwise,Derived from project hierarchy / default unless contradicted by GBD or ABDS,,1
9000640,640,3,Cáncer de estómago,Enfermedades no transmisibles,Neoplasias malignas,Cáncer de estómago,,C16,^(?:C16[0-9]?).*,1,1,both,1,0,not_checked,,Default structural rule: treat as potentially fatal and non-fatal unless explicit GBD/ABDS evidence indicates otherwise,Derived from project hierarchy / default unless contradicted by GBD or ABDS,,1
9000650,650,3,Cánceres de colon y recto,Enfermedades no transmisibles,Neoplasias malignas,Cánceres de colon y recto,,C18-C21,^(?:C(?:18|19|20|21)[0-9]?).*,1,1,both,1,0,not_checked,,Default structural rule: treat as potentially fatal and non-fatal unless explicit GBD/ABDS evidence indicates otherwise,Derived from project hierarchy / default unless contradicted by GBD or ABDS,,1
9000660,660,3,Cáncer de hígado,Enfermedades no transmisibles,Neoplasias malignas,Cáncer de hígado,,C22,^(?:C22[0-9]?).*,1,1,both,1,0,not_checked,,Default structural rule: treat as potentially fatal and non-fatal unless explicit GBD/ABDS evidence indicates otherwise,Derived from project hierarchy / default unless contradicted by GBD or ABDS,,1
9000670,670,3,Cáncer de páncreas,Enfermedades no transmisibles,Neoplasias malignas,Cáncer de páncreas,,C25,^(?:C25[0-9]?).*,1,1,both,1,0,not_checked,,Default structural rule: treat as potentially fatal and non-fatal unless explicit GBD/ABDS evidence indicates otherwise,Derived from project hierarchy / default unless contradicted by GBD or ABDS,,1
9000680,680,3,"Cánceres de tráquea, bronquios y pulmón",Enfermedades no transmisibles,Neoplasias malignas,"Cánceres de tráquea, bronquios y pulmón",,C33-C34,^(?:C(?:33|34)[0-9]?).*,1,1,both,1,0,not_checked,,Default structural rule: treat as potentially fatal and non-fatal unless explicit GBD/ABDS evidence indicates otherwise,Derived from project hierarchy / default unless contradicted by GBD or ABDS,,1
9000690,690,3,Melanoma y otros cánceres de piel,Enfermedades no transmisibles,Neoplasias malignas,Melanoma y otros cánceres de piel,,C43-C44,^(?:C(?:43|44)[0-9]?).*,1,1,both,1,0,not_checked,,Derived from descendants: mixed and/or both components present,Derived from project hierarchy / default unless contradicted by GBD or ABDS,,0
9000691,691,4,Melanoma maligno de piel,Enfermedades no transmisibles,Neoplasias malignas,Melanoma y otros cánceres de piel,Melanoma maligno de piel,C43,^(?:C43[0-9]?).*,1,1,both,1,0,not_checked,,Default structural rule: treat as potentially fatal and non-fatal unless explicit GBD/ABDS evidence indicates otherwise,Derived from project hierarchy / default unless contradicted by GBD or ABDS,,1
9000692,692,4,Cáncer de piel no melanoma,Enfermedades no transmisibles,Neoplasias malignas,Melanoma y otros cánceres de piel,Cáncer de piel no melanoma,C44,^(?:C44[0-9]?).*,1,1,both,1,0,agree,,GBD exact/near-exact match,GBD 2021 hierarchy file,Redistribución proporcional restringida dentro del bloque fatal plausible.,0
9000700,700,3,Cáncer de mama,Enfermedades no transmisibles,Neoplasias malignas,Cáncer de mama,,C50,^(?:C50[0-9]?).*,1,1,both,1,0,not_checked,,Default structural rule: treat as potentially fatal and non-fatal unless explicit GBD/ABDS evidence indicates otherwise,Derived from project hierarchy / default unless contradicted by GBD or ABDS,,1
9000710,710,3,Cáncer de cuello uterino,Enfermedades no transmisibles,Neoplasias malignas,Cáncer de cuello uterino,,C53,^(?:C53[0-9]?).*,1,1,both,1,0,not_checked,,Default structural rule: treat as potentially fatal and non-fatal unless explicit GBD/ABDS evidence indicates otherwise,Derived from project hierarchy / default unless contradicted by GBD or ABDS,,1
9000720,720,3,Cáncer de cuerpo uterino,Enfermedades no transmisibles,Neoplasias malignas,Cáncer de cuerpo uterino,,C54,^(?:C54[0-9]?).*,1,1,both,1,0,not_checked,,Default structural rule: treat as potentially fatal and non-fatal unless explicit GBD/ABDS evidence indicates otherwise,Derived from project hierarchy / default unless contradicted by GBD or ABDS,,1
9000730,730,3,Cáncer de ovario,Enfermedades no transmisibles,Neoplasias malignas,Cáncer de ovario,,C56,^(?:C56[0-9]?).*,1,1,both,1,0,not_checked,,Default structural rule: treat as potentially fatal and non-fatal unless explicit GBD/ABDS evidence indicates otherwise,Derived from project hierarchy / default unless contradicted by GBD or ABDS,,1
9000740,740,3,Cáncer de próstata,Enfermedades no transmisibles,Neoplasias malignas,Cáncer de próstata,,C61,^(?:C61[0-9]?).*,1,1,both,1,0,not_checked,,Default structural rule: treat as potentially fatal and non-fatal unless explicit GBD/ABDS evidence indicates otherwise,Derived from project hierarchy / default unless contradicted by GBD or ABDS,,1
9000742,742,3,Cáncer de testículo,Enfermedades no transmisibles,Neoplasias malignas,Cáncer de testículo,,C62,^(?:C62[0-9]?).*,1,1,both,1,0,not_checked,,Default structural rule: treat as potentially fatal and non-fatal unless explicit GBD/ABDS evidence indicates otherwise,Derived from project hierarchy / default unless contradicted by GBD or ABDS,,1
9000745,745,3,"Cáncer de riñón, pelvis renal y uréter",Enfermedades no transmisibles,Neoplasias malignas,"Cáncer de riñón, pelvis renal y uréter",,C64-C66,^(?:C(?:64|65|66)[0-9]?).*,1,1,both,1,0,not_checked,,Default structural rule: treat as potentially fatal and non-fatal unless explicit GBD/ABDS evidence indicates otherwise,Derived from project hierarchy / default unless contradicted by GBD or ABDS,,1
9000750,750,3,Cáncer de vejiga,Enfermedades no transmisibles,Neoplasias malignas,Cáncer de vejiga,,C67,^(?:C67[0-9]?).*,1,1,both,1,0,not_checked,,Default structural rule: treat as potentially fatal and non-fatal unless explicit GBD/ABDS evidence indicates otherwise,Derived from project hierarchy / default unless contradicted by GBD or ABDS,,1
9000751,751,3,Cánceres del cerebro y sistema nervioso,Enfermedades no transmisibles,Neoplasias malignas,Cánceres del cerebro y sistema nervioso,,C70-C72,^(?:C(?:70|71|72)[0-9]?).*,1,1,both,1,0,not_checked,,Default structural rule: treat as potentially fatal and non-fatal unless explicit GBD/ABDS evidence indicates otherwise,Derived from project hierarchy / default unless contradicted by GBD or ABDS,,1
9000752,752,3,Cáncer de vesícula y vías biliares,Enfermedades no transmisibles,Neoplasias malignas,Cáncer de vesícula y vías biliares,,C23-C24,^(?:C(?:23|24)[0-9]?).*,1,1,both,1,0,not_checked,,Default structural rule: treat as potentially fatal and non-fatal unless explicit GBD/ABDS evidence indicates otherwise,Derived from project hierarchy / default unless contradicted by GBD or ABDS,,1
9000753,753,3,Cáncer de larínge,Enfermedades no transmisibles,Neoplasias malignas,Cáncer de larínge,,C32,^(?:C32[0-9]?).*,1,1,both,1,0,not_checked,,Default structural rule: treat as potentially fatal and non-fatal unless explicit GBD/ABDS evidence indicates otherwise,Derived from project hierarchy / default unless contradicted by GBD or ABDS,,1
9000754,754,3,Cáncer de tiroides,Enfermedades no transmisibles,Neoplasias malignas,Cáncer de tiroides,,C73,^(?:C73[0-9]?).*,1,1,both,1,0,not_checked,,Default structural rule: treat as potentially fatal and non-fatal unless explicit GBD/ABDS evidence indicates otherwise,Derived from project hierarchy / default unless contradicted by GBD or ABDS,,1
9000755,755,3,Mesotelioma,Enfermedades no transmisibles,Neoplasias malignas,Mesotelioma,,C45,^(?:C45[0-9]?).*,1,1,both,1,0,not_checked,,Default structural rule: treat as potentially fatal and non-fatal unless explicit GBD/ABDS evidence indicates otherwise,Derived from project hierarchy / default unless contradicted by GBD or ABDS,,1
9000760,760,3,Linfomas y mieloma múltiple,Enfermedades no transmisibles,Neoplasias malignas,Linfomas y mieloma múltiple,,"C81-C90, C96",^(?:C(?:81|82|83|84|85|86|87|88|89|90)[0-9]?|C96[0-9]?).*,1,1,both,1,0,not_checked,,Derived from descendants: mixed and/or both components present,Derived from project hierarchy / default unless contradicted by GBD or ABDS,,0
9000761,761,4,Linfoma de Hodgkin,Enfermedades no transmisibles,Neoplasias malignas,Linfomas y mieloma múltiple,Linfoma de Hodgkin,C81,^(?:C81[0-9]?).*,1,1,both,1,0,not_checked,,Default structural rule: treat as potentially fatal and non-fatal unless explicit GBD/ABDS evidence indicates otherwise,Derived from project hierarchy / default unless contradicted by GBD or ABDS,,1
9000762,762,4,Linfoma no Hodgkin,Enfermedades no transmisibles,Neoplasias malignas,Linfomas y mieloma múltiple,Linfoma no Hodgkin,"C82-C86, C96",^(?:C(?:82|83|84|85|86)[0-9]?|C96[0-9]?).*,1,1,both,1,0,not_checked,,Default structural rule: treat as potentially fatal and non-fatal unless explicit GBD/ABDS evidence indicates otherwise,Derived from project hierarchy / default unless contradicted by GBD or ABDS,,1
9000763,763,4,Mieloma múltiple,Enfermedades no transmisibles,Neoplasias malignas,Linfomas y mieloma múltiple,Mieloma múltiple,"C88, C90",^(?:C88[0-9]?|C90[0-9]?).*,1,1,both,1,0,not_checked,,Default structural rule: treat as potentially fatal and non-fatal unless explicit GBD/ABDS evidence indicates otherwise,Derived from project hierarchy / default unless contradicted by GBD or ABDS,,1
9000770,770,3,Leucemia,Enfermedades no transmisibles,Neoplasias malignas,Leucemia,,C91-C95,^(?:C(?:91|92|93|94|95)[0-9]?).*,1,1,both,1,0,not_checked,,Default structural rule: treat as potentially fatal and non-fatal unless explicit GBD/ABDS evidence indicates otherwise,Derived from project hierarchy / default unless contradicted by GBD or ABDS,,1
9000780,780,3,Otros tumores malignos,Enfermedades no transmisibles,Neoplasias malignas,Otros tumores malignos,,"C17, C26-C31, C37-C41, C46-C49, C51, C52, C57-C60, C63, C68, C69, C74-C75, C77-C97",^(?:C17[0-9]?|C(?:26|27|28|29|30|31)[0-9]?|C(?:37|38|39|40|41)[0-9]?|C(?:46|47|48|49)[0-9]?|C51[0-9]?|C52[0-9]?|C(?:57|58|59|60)[0-9]?|C63[0-9]?|C68[0-9]?|C69[0-9]?|C(?:74|75)[0-9]?|C(?:77|78|79|80|81|82|83|84|85|86|87|88|89|90|91|92|93|94|95|96|97)[0-9]?).*,1,1,both,1,0,not_checked,,Default structural rule: treat as potentially fatal and non-fatal unless explicit GBD/ABDS evidence indicates otherwise,Derived from project hierarchy / default unless contradicted by GBD or ABDS,,1
9000790,790,2,Otras neoplasias,Enfermedades no transmisibles,Otras neoplasias,,,D00-D48,^(?:D(?:00|01|02|03|04|05|06|07|08|09|10|11|12|13|14|15|16|17|18|19|20|21|22|23|24|25|26|27|28|29|30|31|32|33|34|35|36|37|38|39|40|41|42|43|44|45|46|47|48)[0-9]?).*,1,1,both,1,0,not_checked,,Default structural rule: treat as potentially fatal and non-fatal unless explicit GBD/ABDS evidence indicates otherwise,Derived from project hierarchy / default unless contradicted by GBD or ABDS,,1
9000800,800,2,Diabetes mellitus,Enfermedades no transmisibles,Diabetes mellitus,,,"E10-E14 (menos E10.2, E11.2, E12.2, E13.2, E14.2)",^(?!E102$)(?!E112$)(?!E122$)(?!E132$)(?!E142$)(?:E(?:10|11|12|13|14)[0-9]?).*,1,1,both,1,0,not_checked,,Default structural rule: treat as potentially fatal and non-fatal unless explicit GBD/ABDS evidence indicates otherwise,Derived from project hierarchy / default unless contradicted by GBD or ABDS,,1
9000810,810,2,"Trastornos endocrinos, sanguíneos e inmunológicos",Enfermedades no transmisibles,"Trastornos endocrinos, sanguíneos e inmunológicos",,,"D55-D64 (menos D64.9), D65-D89, E03-E07, E15-E34, E65-E88",^(?!D649$)(?:D(?:55|56|57|58|59|60|61|62|63|64)[0-9]?|D(?:65|66|67|68|69|70|71|72|73|74|75|76|77|78|79|80|81|82|83|84|85|86|87|88|89)[0-9]?|E(?:03|04|05|06|07)[0-9]?|E(?:15|16|17|18|19|20|21|22|23|24|25|26|27|28|29|30|31|32|33|34)[0-9]?|E(?:65|66|67|68|69|70|71|72|73|74|75|76|77|78|79|80|81|82|83|84|85|86|87|88)[0-9]?).*,1,1,both,1,0,not_checked,,Derived from descendants: mixed and/or both components present,Derived from project hierarchy / default unless contradicted by GBD or ABDS,,0
9000811,811,3,Talasemias,Enfermedades no transmisibles,"Trastornos endocrinos, sanguíneos e inmunológicos",Talasemias,,D56,^(?:D56[0-9]?).*,1,1,both,1,0,not_checked,,Default structural rule: treat as potentially fatal and non-fatal unless explicit GBD/ABDS evidence indicates otherwise,Derived from project hierarchy / default unless contradicted by GBD or ABDS,,1
9000812,812,3,Trastornos de células falciformes y rasgo falciforme,Enfermedades no transmisibles,"Trastornos endocrinos, sanguíneos e inmunológicos",Trastornos de células falciformes y rasgo falciforme,,D57,^(?:D57[0-9]?).*,1,1,both,1,0,not_checked,,Default structural rule: treat as potentially fatal and non-fatal unless explicit GBD/ABDS evidence indicates otherwise,Derived from project hierarchy / default unless contradicted by GBD or ABDS,,1
9000813,813,3,Otras hemoglobinopatías y anemias hemolíticas,Enfermedades no transmisibles,"Trastornos endocrinos, sanguíneos e inmunológicos",Otras hemoglobinopatías y anemias hemolíticas,,"D55, D58-D59",^(?:D55[0-9]?|D(?:58|59)[0-9]?).*,1,1,both,1,0,not_checked,,Default structural rule: treat as potentially fatal and non-fatal unless explicit GBD/ABDS evidence indicates otherwise,Derived from project hierarchy / default unless contradicted by GBD or ABDS,,1
9000814,814,3,"Otros trastornos endocrinos, sanguíneos e inmunológicos",Enfermedades no transmisibles,"Trastornos endocrinos, sanguíneos e inmunológicos","Otros trastornos endocrinos, sanguíneos e inmunológicos",,"D60-D64 (menos D64.9), D65-D89, E03-E07, E15-E34, E65-E88",^(?!D649$)(?:D(?:60|61|62|63|64)[0-9]?|D(?:65|66|67|68|69|70|71|72|73|74|75|76|77|78|79|80|81|82|83|84|85|86|87|88|89)[0-9]?|E(?:03|04|05|06|07)[0-9]?|E(?:15|16|17|18|19|20|21|22|23|24|25|26|27|28|29|30|31|32|33|34)[0-9]?|E(?:65|66|67|68|69|70|71|72|73|74|75|76|77|78|79|80|81|82|83|84|85|86|87|88)[0-9]?).*,1,1,both,1,0,not_checked,,Default structural rule: treat as potentially fatal and non-fatal unless explicit GBD/ABDS evidence indicates otherwise,Derived from project hierarchy / default unless contradicted by GBD or ABDS,,1
9000820,820,2,Trastornos mentales y por consumo de sustancias,Enfermedades no transmisibles,Trastornos mentales y por consumo de sustancias,,,"F04-F99, G72.1, Q86.0, X41-X42, X44, X45",^(?:F(?:04|05|06|07|08|09|10|11|12|13|14|15|16|17|18|19|20|21|22|23|24|25|26|27|28|29|30|31|32|33|34|35|36|37|38|39|40|41|42|43|44|45|46|47|48|49|50|51|52|53|54|55|56|57|58|59|60|61|62|63|64|65|66|67|68|69|70|71|72|73|74|75|76|77|78|79|80|81|82|83|84|85|86|87|88|89|90|91|92|93|94|95|96|97|98|99)[0-9]?|G721|Q860|X(?:41|42)[0-9]?|X44[0-9]?|X45[0-9]?).*,1,1,both,1,0,not_checked,,Derived from descendants: mixed and/or both components present,Derived from project hierarchy / default unless contradicted by GBD or ABDS,,0
9000830,830,3,Trastornos depresivos,Enfermedades no transmisibles,Trastornos mentales y por consumo de sustancias,Trastornos depresivos,,"F32-F33, F34.1",^(?:F(?:32|33)[0-9]?|F341).*,0,1,yld_only,0,0,agree,,GBD exact/near-exact match,GBD 2021 hierarchy file,"Redistribuir a trastornos por sustancias/alcohol, lesiones intencionales u otras NCD fatales plausibles según garbage.",0
9000831,831,4,Trastorno depresivo mayor,Enfermedades no transmisibles,Trastornos mentales y por consumo de sustancias,Trastornos depresivos,Trastorno depresivo mayor,F32-F33,^(?:F(?:32|33)[0-9]?).*,0,1,yld_only,0,0,agree,,GBD exact/near-exact match,GBD 2021 hierarchy file,"Redistribuir a trastornos por sustancias/alcohol, lesiones intencionales u otras NCD fatales plausibles según garbage.",0
9000832,832,4,Distimia,Enfermedades no transmisibles,Trastornos mentales y por consumo de sustancias,Trastornos depresivos,Distimia,F34.1,^(?:F341).*,0,1,yld_only,0,0,agree,,GBD exact/near-exact match,GBD 2021 hierarchy file,"Redistribuir a trastornos por sustancias/alcohol, lesiones intencionales u otras NCD fatales plausibles según garbage.",0
9000840,840,3,Trastorno bipolar,Enfermedades no transmisibles,Trastornos mentales y por consumo de sustancias,Trastorno bipolar,,F30-F31,^(?:F(?:30|31)[0-9]?).*,0,1,yld_only,0,0,agree,,GBD exact/near-exact match,GBD 2021 hierarchy file,"Redistribuir a trastornos por sustancias/alcohol, lesiones intencionales u otras NCD fatales plausibles según garbage.",0
9000850,850,3,Esquizofrenia,Enfermedades no transmisibles,Trastornos mentales y por consumo de sustancias,Esquizofrenia,,F20-F29,^(?:F(?:20|21|22|23|24|25|26|27|28|29)[0-9]?).*,0,1,yld_only,0,0,agree,,GBD exact/near-exact match,GBD 2021 hierarchy file,"Redistribuir a trastornos por sustancias/alcohol, lesiones intencionales u otras NCD fatales plausibles según garbage.",0
9000860,860,3,Trastornos por consumo de alcohol,Enfermedades no transmisibles,Trastornos mentales y por consumo de sustancias,Trastornos por consumo de alcohol,,"F10, G31.2, G72.1, Q86.0, X45",^(?:F10[0-9]?|G312|G721|Q860|X45[0-9]?).*,1,1,both,1,0,not_checked,,Default structural rule: treat as potentially fatal and non-fatal unless explicit GBD/ABDS evidence indicates otherwise,Derived from project hierarchy / default unless contradicted by GBD or ABDS,,1
9000870,870,3,Trastornos por consumo de drogas,Enfermedades no transmisibles,Trastornos mentales y por consumo de sustancias,Trastornos por consumo de drogas,,"F11-F16, F18-F19, X41-X42, X44",^(?:F(?:11|12|13|14|15|16)[0-9]?|F(?:18|19)[0-9]?|X(?:41|42)[0-9]?|X44[0-9]?).*,1,1,both,1,0,not_checked,,Derived from descendants: mixed and/or both components present,Derived from project hierarchy / default unless contradicted by GBD or ABDS,,0
9000871,871,4,Trastornos por consumo de opioides,Enfermedades no transmisibles,Trastornos mentales y por consumo de sustancias,Trastornos por consumo de drogas,Trastornos por consumo de opioides,"F11, X42",^(?:F11[0-9]?|X42[0-9]?).*,1,1,both,1,0,not_checked,,Default structural rule: treat as potentially fatal and non-fatal unless explicit GBD/ABDS evidence indicates otherwise,Derived from project hierarchy / default unless contradicted by GBD or ABDS,,1
9000872,872,4,Trastornos por consumo de cocaína,Enfermedades no transmisibles,Trastornos mentales y por consumo de sustancias,Trastornos por consumo de drogas,Trastornos por consumo de cocaína,F14,^(?:F14[0-9]?).*,1,1,both,1,0,not_checked,,Default structural rule: treat as potentially fatal and non-fatal unless explicit GBD/ABDS evidence indicates otherwise,Derived from project hierarchy / default unless contradicted by GBD or ABDS,,1
9000873,873,4,Trastornos por consumo de anfetaminas,Enfermedades no transmisibles,Trastornos mentales y por consumo de sustancias,Trastornos por consumo de drogas,Trastornos por consumo de anfetaminas,F15,^(?:F15[0-9]?).*,1,1,both,1,0,not_checked,,Default structural rule: treat as potentially fatal and non-fatal unless explicit GBD/ABDS evidence indicates otherwise,Derived from project hierarchy / default unless contradicted by GBD or ABDS,,1
9000874,874,4,Trastornos por consumo de cannabis,Enfermedades no transmisibles,Trastornos mentales y por consumo de sustancias,Trastornos por consumo de drogas,Trastornos por consumo de cannabis,F12,^(?:F12[0-9]?).*,0,1,yld_only,0,0,agree,,GBD exact/near-exact match,GBD 2021 hierarchy file,"Redistribuir a trastornos por sustancias/alcohol, lesiones intencionales u otras NCD fatales plausibles según garbage.",0
9000875,875,4,Otros trastornos por consumo de drogas,Enfermedades no transmisibles,Trastornos mentales y por consumo de sustancias,Trastornos por consumo de drogas,Otros trastornos por consumo de drogas,"F13, F16, F18, X41",^(?:F13[0-9]?|F16[0-9]?|F18[0-9]?|X41[0-9]?).*,1,1,both,1,0,not_checked,,Default structural rule: treat as potentially fatal and non-fatal unless explicit GBD/ABDS evidence indicates otherwise,Derived from project hierarchy / default unless contradicted by GBD or ABDS,,1
9000880,880,3,Trastornos de ansiedad,Enfermedades no transmisibles,Trastornos mentales y por consumo de sustancias,Trastornos de ansiedad,,F40-F44,^(?:F(?:40|41|42|43|44)[0-9]?).*,0,1,yld_only,0,0,agree,,GBD exact/near-exact match,GBD 2021 hierarchy file,"Redistribuir a trastornos por sustancias/alcohol, lesiones intencionales u otras NCD fatales plausibles según garbage.",0
9000890,890,3,Trastornos de la conducta alimentaria,Enfermedades no transmisibles,Trastornos mentales y por consumo de sustancias,Trastornos de la conducta alimentaria,,F50,^(?:F50[0-9]?).*,1,1,both,1,0,not_checked,,Default structural rule: treat as potentially fatal and non-fatal unless explicit GBD/ABDS evidence indicates otherwise,Derived from project hierarchy / default unless contradicted by GBD or ABDS,,1
9000900,900,3,Síndrome de autismo y Asperger,Enfermedades no transmisibles,Trastornos mentales y por consumo de sustancias,Síndrome de autismo y Asperger,,F84,^(?:F84[0-9]?).*,0,1,yld_only,0,0,agree,,GBD exact/near-exact match,GBD 2021 hierarchy file,"Redistribuir a trastornos por sustancias/alcohol, lesiones intencionales u otras NCD fatales plausibles según garbage.",0
9000910,910,3,Trastornos del comportamiento infantil,Enfermedades no transmisibles,Trastornos mentales y por consumo de sustancias,Trastornos del comportamiento infantil,,F90-F92,^(?:F(?:90|91|92)[0-9]?).*,0,1,yld_only,0,0,agree,,GBD exact/near-exact match,GBD 2021 hierarchy file,"Redistribuir a trastornos por sustancias/alcohol, lesiones intencionales u otras NCD fatales plausibles según garbage.",0
9000911,911,4,Trastorno por déficit de atención/hiperactividad,Enfermedades no transmisibles,Trastornos mentales y por consumo de sustancias,Trastornos del comportamiento infantil,Trastorno por déficit de atención/hiperactividad,F90,^(?:F90[0-9]?).*,0,1,yld_only,0,0,agree,,GBD exact/near-exact match,GBD 2021 hierarchy file,"Redistribuir a trastornos por sustancias/alcohol, lesiones intencionales u otras NCD fatales plausibles según garbage.",0
9000912,912,4,Trastorno de la conducta,Enfermedades no transmisibles,Trastornos mentales y por consumo de sustancias,Trastornos del comportamiento infantil,Trastorno de la conducta,F91-F92,^(?:F(?:91|92)[0-9]?).*,0,1,yld_only,0,0,agree,,GBD exact/near-exact match,GBD 2021 hierarchy file,"Redistribuir a trastornos por sustancias/alcohol, lesiones intencionales u otras NCD fatales plausibles según garbage.",0
9000920,920,3,Discapacidad intelectual idiopática,Enfermedades no transmisibles,Trastornos mentales y por consumo de sustancias,Discapacidad intelectual idiopática,,F70-F79,^(?:F(?:70|71|72|73|74|75|76|77|78|79)[0-9]?).*,0,1,yld_only,0,0,agree,,GBD exact/near-exact match,GBD 2021 hierarchy file,"Redistribuir a trastornos por sustancias/alcohol, lesiones intencionales u otras NCD fatales plausibles según garbage.",0
9000930,930,3,Otros trastornos mentales y del comportamiento,Enfermedades no transmisibles,Trastornos mentales y por consumo de sustancias,Otros trastornos mentales y del comportamiento,,"F04-F09, F17, F34-F39 (menos F34.1), F45-F48, F51-F69, F80-F83, F88-F89, F93-F99",^(?!F341$)(?:F(?:04|05|06|07|08|09)[0-9]?|F17[0-9]?|F(?:34|35|36|37|38|39)[0-9]?|F(?:45|46|47|48)[0-9]?|F(?:51|52|53|54|55|56|57|58|59|60|61|62|63|64|65|66|67|68|69)[0-9]?|F(?:80|81|82|83)[0-9]?|F(?:88|89)[0-9]?|F(?:93|94|95|96|97|98|99)[0-9]?).*,1,1,both,1,0,not_checked,,Default structural rule: treat as potentially fatal and non-fatal unless explicit GBD/ABDS evidence indicates otherwise,Derived from project hierarchy / default unless contradicted by GBD or ABDS,,1
9000940,940,2,Trastornos neurológicos,Enfermedades no transmisibles,Trastornos neurológicos,,,"F01-F03, G06-G98 (menos G14, G31.2, G72.1)",^(?!G14[0-9]?$)(?!G312$)(?!G721$)(?:F(?:01|02|03)[0-9]?|G(?:06|07|08|09|10|11|12|13|14|15|16|17|18|19|20|21|22|23|24|25|26|27|28|29|30|31|32|33|34|35|36|37|38|39|40|41|42|43|44|45|46|47|48|49|50|51|52|53|54|55|56|57|58|59|60|61|62|63|64|65|66|67|68|69|70|71|72|73|74|75|76|77|78|79|80|81|82|83|84|85|86|87|88|89|90|91|92|93|94|95|96|97|98)[0-9]?).*,1,1,both,1,0,not_checked,,Derived from descendants: mixed and/or both components present,Derived from project hierarchy / default unless contradicted by GBD or ABDS,,0
9000950,950,3,Enfermedad de Alzheimer y otras demencias,Enfermedades no transmisibles,Trastornos neurológicos,Enfermedad de Alzheimer y otras demencias,,"F01-F03, G30-G31 (menos G31.2)",^(?!G312$)(?:F(?:00|01|02|03)[0-9]?|G(?:30|31)[0-9]?).*,1,1,both,1,0,not_checked,,Default structural rule: treat as potentially fatal and non-fatal unless explicit GBD/ABDS evidence indicates otherwise,Derived from project hierarchy / default unless contradicted by GBD or ABDS,,1
9000960,960,3,Enfermedad de Parkinson,Enfermedades no transmisibles,Trastornos neurológicos,Enfermedad de Parkinson,,G20-G21,^(?:G(?:20|21)[0-9]?).*,1,1,both,1,0,not_checked,,Default structural rule: treat as potentially fatal and non-fatal unless explicit GBD/ABDS evidence indicates otherwise,Derived from project hierarchy / default unless contradicted by GBD or ABDS,,1
9000970,970,3,Epilepsia,Enfermedades no transmisibles,Trastornos neurológicos,Epilepsia,,G40-G41,^(?:G(?:40|41)[0-9]?).*,1,1,both,1,0,not_checked,,Default structural rule: treat as potentially fatal and non-fatal unless explicit GBD/ABDS evidence indicates otherwise,Derived from project hierarchy / default unless contradicted by GBD or ABDS,,1
9000980,980,3,Esclerosis múltiple,Enfermedades no transmisibles,Trastornos neurológicos,Esclerosis múltiple,,G35,^(?:G35[0-9]?).*,1,1,both,1,0,not_checked,,Default structural rule: treat as potentially fatal and non-fatal unless explicit GBD/ABDS evidence indicates otherwise,Derived from project hierarchy / default unless contradicted by GBD or ABDS,,1
9000990,990,3,Migraña,Enfermedades no transmisibles,Trastornos neurológicos,Migraña,,G43,^(?:G43[0-9]?).*,0,1,yld_only,0,0,agree,,GBD exact/near-exact match,GBD 2021 hierarchy file,Redistribución proporcional restringida dentro del bloque fatal plausible.,0
9001000,1000,3,Cefalea no migrañosa,Enfermedades no transmisibles,Trastornos neurológicos,Cefalea no migrañosa,,G44,^(?:G44[0-9]?).*,0,1,yld_only,0,0,agree,,GBD exact/near-exact match,GBD 2021 hierarchy file,Redistribución proporcional restringida dentro del bloque fatal plausible.,0
9001010,1010,3,Otras afecciones neurológicas,Enfermedades no transmisibles,Trastornos neurológicos,Otras afecciones neurológicas,,"G06-G12, G23-G25, G36-G37, G45-G98 (menos G72.1)",^(?!G721$)(?:G(?:06|07|08|09|10|11|12)[0-9]?|G(?:23|24|25)[0-9]?|G(?:36|37)[0-9]?|G(?:45|46|47|48|49|50|51|52|53|54|55|56|57|58|59|60|61|62|63|64|65|66|67|68|69|70|71|72|73|74|75|76|77|78|79|80|81|82|83|84|85|86|87|88|89|90|91|92|93|94|95|96|97|98)[0-9]?).*,1,1,both,1,0,not_checked,,Default structural rule: treat as potentially fatal and non-fatal unless explicit GBD/ABDS evidence indicates otherwise,Derived from project hierarchy / default unless contradicted by GBD or ABDS,,1
9001020,1020,2,Enfermedades de los órganos de los sentidos,Enfermedades no transmisibles,Enfermedades de los órganos de los sentidos,,,"H00-H61, H68-H93",^(?:H(?:00|01|02|03|04|05|06|07|08|09|10|11|12|13|14|15|16|17|18|19|20|21|22|23|24|25|26|27|28|29|30|31|32|33|34|35|36|37|38|39|40|41|42|43|44|45|46|47|48|49|50|51|52|53|54|55|56|57|58|59|60|61)[0-9]?|H(?:68|69|70|71|72|73|74|75|76|77|78|79|80|81|82|83|84|85|86|87|88|89|90|91|92|93)[0-9]?).*,0,1,yld_only,0,1,agree,ABDS excluyó hearing/vision del scope de target diseases por escaso número de muertes.,GBD exact/group: Sense organ diseases / vision / hearing loss,GBD 2021 hierarchy file + ABDS 2018 target-scope note,Excluir del pool YLL; redistribuir a causas fatales hermanas del nivel 1 o NCD según patrón observado.,0
9001030,1030,3,Glaucoma,Enfermedades no transmisibles,Enfermedades de los órganos de los sentidos,Glaucoma,,H40,^(?:H40[0-9]?).*,0,1,yld_only,0,1,agree,ABDS excluyó hearing/vision del scope de target diseases por escaso número de muertes.,GBD exact/group: Sense organ diseases / vision / hearing loss,GBD 2021 hierarchy file + ABDS 2018 target-scope note,Excluir del pool YLL; redistribuir a causas fatales hermanas del nivel 1 o NCD según patrón observado.,0
9001040,1040,3,Cataratas,Enfermedades no transmisibles,Enfermedades de los órganos de los sentidos,Cataratas,,H25-H26,^(?:H(?:25|26)[0-9]?).*,0,1,yld_only,0,1,agree,ABDS excluyó hearing/vision del scope de target diseases por escaso número de muertes.,GBD exact/group: Sense organ diseases / vision / hearing loss,GBD 2021 hierarchy file + ABDS 2018 target-scope note,Excluir del pool YLL; redistribuir a causas fatales hermanas del nivel 1 o NCD según patrón observado.,0
9001050,1050,3,Errores refractivos no corregidos,Enfermedades no transmisibles,Enfermedades de los órganos de los sentidos,Errores refractivos no corregidos,,H49-H52,^(?:H(?:49|50|51|52)[0-9]?).*,0,1,yld_only,0,1,agree,ABDS excluyó hearing/vision del scope de target diseases por escaso número de muertes.,GBD exact/group: Sense organ diseases / vision / hearing loss,GBD 2021 hierarchy file + ABDS 2018 target-scope note,Excluir del pool YLL; redistribuir a causas fatales hermanas del nivel 1 o NCD según patrón observado.,0
9001060,1060,3,Degeneración macular,Enfermedades no transmisibles,Enfermedades de los órganos de los sentidos,Degeneración macular,,H35.3,^(?:H353).*,0,1,yld_only,0,1,agree,ABDS excluyó hearing/vision del scope de target diseases por escaso número de muertes.,GBD exact/group: Sense organ diseases / vision / hearing loss,GBD 2021 hierarchy file + ABDS 2018 target-scope note,Excluir del pool YLL; redistribuir a causas fatales hermanas del nivel 1 o NCD según patrón observado.,0
9001070,1070,3,Otras pérdidas de visión,Enfermedades no transmisibles,Enfermedades de los órganos de los sentidos,Otras pérdidas de visión,,"H30-H35 (menos H35.3), H53-H54",^(?!H353$)(?:H(?:30|31|32|33|34|35)[0-9]?|H(?:53|54)[0-9]?).*,0,1,yld_only,0,1,agree,ABDS excluyó hearing/vision del scope de target diseases por escaso número de muertes.,GBD exact/group: Sense organ diseases / vision / hearing loss,GBD 2021 hierarchy file + ABDS 2018 target-scope note,Excluir del pool YLL; redistribuir a causas fatales hermanas del nivel 1 o NCD según patrón observado.,0
9001080,1080,3,Otras pérdidas de audición,Enfermedades no transmisibles,Enfermedades de los órganos de los sentidos,Otras pérdidas de audición,,H90-H91,^(?:H(?:90|91)[0-9]?).*,0,1,yld_only,0,1,agree,ABDS excluyó hearing/vision del scope de target diseases por escaso número de muertes.,GBD exact/group: Sense organ diseases / vision / hearing loss,GBD 2021 hierarchy file + ABDS 2018 target-scope note,Excluir del pool YLL; redistribuir a causas fatales hermanas del nivel 1 o NCD según patrón observado.,0
9001090,1090,3,Otros trastornos de los órganos sensoriales,Enfermedades no transmisibles,Enfermedades de los órganos de los sentidos,Otros trastornos de los órganos sensoriales,,"H00-H02, H27, H43-H47, H55-H61, H68-H83, H92-H93",^(?:H(?:00|01|02)[0-9]?|H27[0-9]?|H(?:43|44|45|46|47)[0-9]?|H(?:55|56|57|58|59|60|61)[0-9]?|H(?:68|69|70|71|72|73|74|75|76|77|78|79|80|81|82|83)[0-9]?|H(?:92|93)[0-9]?).*,0,1,yld_only,0,1,agree,ABDS excluyó hearing/vision del scope de target diseases por escaso número de muertes.,GBD exact/group: Sense organ diseases / vision / hearing loss,GBD 2021 hierarchy file + ABDS 2018 target-scope note,Excluir del pool YLL; redistribuir a causas fatales hermanas del nivel 1 o NCD según patrón observado.,0
9001100,1100,2,Enfermedades cardiovasculares,Enfermedades no transmisibles,Enfermedades cardiovasculares,,,I00-I99,^(?:I(?:00|01|02|03|04|05|06|07|08|09|10|11|12|13|14|15|16|17|18|19|20|21|22|23|24|25|26|27|28|29|30|31|32|33|34|35|36|37|38|39|40|41|42|43|44|45|46|47|48|49|50|51|52|53|54|55|56|57|58|59|60|61|62|63|64|65|66|67|68|69|70|71|72|73|74|75|76|77|78|79|80|81|82|83|84|85|86|87|88|89|90|91|92|93|94|95|96|97|98|99)[0-9]?).*,1,1,both,1,0,not_checked,,Derived from descendants: mixed and/or both components present,Derived from project hierarchy / default unless contradicted by GBD or ABDS,,0
9001110,1110,3,Enfermedad cardíaca reumática,Enfermedades no transmisibles,Enfermedades cardiovasculares,Enfermedad cardíaca reumática,,I01-I09,^(?:I(?:01|02|03|04|05|06|07|08|09)[0-9]?).*,1,1,both,1,0,not_checked,,Default structural rule: treat as potentially fatal and non-fatal unless explicit GBD/ABDS evidence indicates otherwise,Derived from project hierarchy / default unless contradicted by GBD or ABDS,,1
9001120,1120,3,Enfermedad cardíaca hipertensiva,Enfermedades no transmisibles,Enfermedades cardiovasculares,Enfermedad cardíaca hipertensiva,,I11-I15,^(?:I(?:11|12|13|14|15)[0-9]?).*,1,1,both,1,0,not_checked,,Default structural rule: treat as potentially fatal and non-fatal unless explicit GBD/ABDS evidence indicates otherwise,Derived from project hierarchy / default unless contradicted by GBD or ABDS,,1
9001130,1130,3,Enfermedad cardíaca isquémica,Enfermedades no transmisibles,Enfermedades cardiovasculares,Enfermedad cardíaca isquémica,,I20-I25,^(?:I(?:20|21|22|23|24|25)[0-9]?).*,1,1,both,1,0,not_checked,,Default structural rule: treat as potentially fatal and non-fatal unless explicit GBD/ABDS evidence indicates otherwise,Derived from project hierarchy / default unless contradicted by GBD or ABDS,,1
9001140,1140,3,Accidente cerebrovascular,Enfermedades no transmisibles,Enfermedades cardiovasculares,Accidente cerebrovascular,,I60-I69,^(?:I(?:60|61|62|63|64|65|66|67|68|69)[0-9]?).*,1,1,both,1,0,not_checked,,Default structural rule: treat as potentially fatal and non-fatal unless explicit GBD/ABDS evidence indicates otherwise,Derived from project hierarchy / default unless contradicted by GBD or ABDS,,1
9001150,1150,3,"Miocardiopatía, miocarditis, endocarditis",Enfermedades no transmisibles,Enfermedades cardiovasculares,"Miocardiopatía, miocarditis, endocarditis",,"I30-I33, I38, I40, I42",^(?:I(?:30|31|32|33)[0-9]?|I38[0-9]?|I40[0-9]?|I42[0-9]?).*,1,1,both,1,0,not_checked,,Default structural rule: treat as potentially fatal and non-fatal unless explicit GBD/ABDS evidence indicates otherwise,Derived from project hierarchy / default unless contradicted by GBD or ABDS,,1
9001160,1160,3,Otras enfermedades circulatorias,Enfermedades no transmisibles,Enfermedades cardiovasculares,Otras enfermedades circulatorias,,"I00, I26-I28, I34-I37, I44-I51, I70-I99",^(?:I00[0-9]?|I(?:26|27|28)[0-9]?|I(?:34|35|36|37)[0-9]?|I(?:44|45|46|47|48|49|50|51)[0-9]?|I(?:70|71|72|73|74|75|76|77|78|79|80|81|82|83|84|85|86|87|88|89|90|91|92|93|94|95|96|97|98|99)[0-9]?).*,1,1,both,1,0,not_checked,,Default structural rule: treat as potentially fatal and non-fatal unless explicit GBD/ABDS evidence indicates otherwise,Derived from project hierarchy / default unless contradicted by GBD or ABDS,,1
9001170,1170,2,Enfermedades respiratorias,Enfermedades no transmisibles,Enfermedades respiratorias,,,"J30-J98 (menos J69, J96)",^(?!J69[0-9]?$)(?!J96[0-9]?$)(?:J(?:30|31|32|33|34|35|36|37|38|39|40|41|42|43|44|45|46|47|48|49|50|51|52|53|54|55|56|57|58|59|60|61|62|63|64|65|66|67|68|69|70|71|72|73|74|75|76|77|78|79|80|81|82|83|84|85|86|87|88|89|90|91|92|93|94|95|96|97|98)[0-9]?).*,1,1,both,1,0,not_checked,,Derived from descendants: mixed and/or both components present,Derived from project hierarchy / default unless contradicted by GBD or ABDS,,0
9001180,1180,3,Enfermedad pulmonar obstructiva crónica (EPOC),Enfermedades no transmisibles,Enfermedades respiratorias,Enfermedad pulmonar obstructiva crónica (EPOC),,J40-J44,^(?:J(?:40|41|42|43|44)[0-9]?).*,1,1,both,1,0,not_checked,,Default structural rule: treat as potentially fatal and non-fatal unless explicit GBD/ABDS evidence indicates otherwise,Derived from project hierarchy / default unless contradicted by GBD or ABDS,,1
9001190,1190,3,Asma,Enfermedades no transmisibles,Enfermedades respiratorias,Asma,,J45-J46,^(?:J(?:45|46)[0-9]?).*,1,1,both,1,0,not_checked,,Default structural rule: treat as potentially fatal and non-fatal unless explicit GBD/ABDS evidence indicates otherwise,Derived from project hierarchy / default unless contradicted by GBD or ABDS,,1
9001200,1200,3,Otras enfermedades respiratorias,Enfermedades no transmisibles,Enfermedades respiratorias,Otras enfermedades respiratorias,,"J30-J39, J47-J98 (menos J69, J96)",^(?!J69[0-9]?$)(?!J96[0-9]?$)(?:J(?:30|31|32|33|34|35|36|37|38|39)[0-9]?|J(?:47|48|49|50|51|52|53|54|55|56|57|58|59|60|61|62|63|64|65|66|67|68|69|70|71|72|73|74|75|76|77|78|79|80|81|82|83|84|85|86|87|88|89|90|91|92|93|94|95|96|97|98)[0-9]?).*,1,1,both,1,0,not_checked,,Default structural rule: treat as potentially fatal and non-fatal unless explicit GBD/ABDS evidence indicates otherwise,Derived from project hierarchy / default unless contradicted by GBD or ABDS,,1
9001210,1210,2,Enfermedades digestivas,Enfermedades no transmisibles,Enfermedades digestivas,,,K20-K92,^(?:K(?:20|21|22|23|24|25|26|27|28|29|30|31|32|33|34|35|36|37|38|39|40|41|42|43|44|45|46|47|48|49|50|51|52|53|54|55|56|57|58|59|60|61|62|63|64|65|66|67|68|69|70|71|72|73|74|75|76|77|78|79|80|81|82|83|84|85|86|87|88|89|90|91|92)[0-9]?).*,1,1,both,1,0,not_checked,,Derived from descendants: mixed and/or both components present,Derived from project hierarchy / default unless contradicted by GBD or ABDS,,0
9001220,1220,3,Enfermedad ulcerosa péptica,Enfermedades no transmisibles,Enfermedades digestivas,Enfermedad ulcerosa péptica,,K25-K27,^(?:K(?:25|26|27)[0-9]?).*,1,1,both,1,0,not_checked,,Default structural rule: treat as potentially fatal and non-fatal unless explicit GBD/ABDS evidence indicates otherwise,Derived from project hierarchy / default unless contradicted by GBD or ABDS,,1
9001230,1230,3,Cirrosis hepática,Enfermedades no transmisibles,Enfermedades digestivas,Cirrosis hepática,,"K70, K74",^(?:K70[0-9]?|K74[0-9]?).*,1,1,both,1,0,not_checked,,Default structural rule: treat as potentially fatal and non-fatal unless explicit GBD/ABDS evidence indicates otherwise,Derived from project hierarchy / default unless contradicted by GBD or ABDS,,1
9001240,1240,3,Apendicitis,Enfermedades no transmisibles,Enfermedades digestivas,Apendicitis,,K35-K37,^(?:K(?:35|36|37)[0-9]?).*,1,1,both,1,0,not_checked,,Default structural rule: treat as potentially fatal and non-fatal unless explicit GBD/ABDS evidence indicates otherwise,Derived from project hierarchy / default unless contradicted by GBD or ABDS,,1
9001241,1241,3,Gastritis y duodenitis,Enfermedades no transmisibles,Enfermedades digestivas,Gastritis y duodenitis,,K29,^(?:K29[0-9]?).*,1,1,both,1,0,not_checked,,Default structural rule: treat as potentially fatal and non-fatal unless explicit GBD/ABDS evidence indicates otherwise,Derived from project hierarchy / default unless contradicted by GBD or ABDS,,1
9001242,1242,3,Íleo paralítico y obstrucción intestinal,Enfermedades no transmisibles,Enfermedades digestivas,Íleo paralítico y obstrucción intestinal,,K56,^(?:K56[0-9]?).*,1,1,both,1,0,not_checked,,Default structural rule: treat as potentially fatal and non-fatal unless explicit GBD/ABDS evidence indicates otherwise,Derived from project hierarchy / default unless contradicted by GBD or ABDS,,1
9001244,1244,3,Enfermedad inflamatoria intestinal,Enfermedades no transmisibles,Enfermedades digestivas,Enfermedad inflamatoria intestinal,,"K50-K52, K58.0",^(?:K(?:50|51|52)[0-9]?|K580).*,1,1,both,1,0,not_checked,,Default structural rule: treat as potentially fatal and non-fatal unless explicit GBD/ABDS evidence indicates otherwise,Derived from project hierarchy / default unless contradicted by GBD or ABDS,,1
9001246,1246,3,Enfermedades de la vesícula biliar y vías biliares,Enfermedades no transmisibles,Enfermedades digestivas,Enfermedades de la vesícula biliar y vías biliares,,K80-K83,^(?:K(?:80|81|82|83)[0-9]?).*,1,1,both,1,0,not_checked,,Default structural rule: treat as potentially fatal and non-fatal unless explicit GBD/ABDS evidence indicates otherwise,Derived from project hierarchy / default unless contradicted by GBD or ABDS,,1
9001248,1248,3,Pancreatitis,Enfermedades no transmisibles,Enfermedades digestivas,Pancreatitis,,K85-K86,^(?:K(?:85|86)[0-9]?).*,1,1,both,1,0,not_checked,,Default structural rule: treat as potentially fatal and non-fatal unless explicit GBD/ABDS evidence indicates otherwise,Derived from project hierarchy / default unless contradicted by GBD or ABDS,,1
9001250,1250,3,Otras enfermedades digestivas,Enfermedades no transmisibles,Enfermedades digestivas,Otras enfermedades digestivas,,"K20-K22, K28, K30-K31, K38, K40-K43, K45-K55, K57, K58.9, K59-K66, K71-K73, K75-K76, K90-K92",^(?:K(?:20|21|22)[0-9]?|K28[0-9]?|K(?:30|31)[0-9]?|K38[0-9]?|K(?:40|41|42|43)[0-9]?|K(?:45|46|47|48|49|50|51|52|53|54|55)[0-9]?|K57[0-9]?|K589|K(?:59|60|61|62|63|64|65|66)[0-9]?|K(?:71|72|73)[0-9]?|K(?:75|76)[0-9]?|K(?:90|91|92)[0-9]?).*,1,1,both,1,0,not_checked,,Default structural rule: treat as potentially fatal and non-fatal unless explicit GBD/ABDS evidence indicates otherwise,Derived from project hierarchy / default unless contradicted by GBD or ABDS,,1
9001260,1260,2,Enfermedades genitourinarias,Enfermedades no transmisibles,Enfermedades genitourinarias,,,"N00-N64, N75-N98",^(?:N(?:00|01|02|03|04|05|06|07|08|09|10|11|12|13|14|15|16|17|18|19|20|21|22|23|24|25|26|27|28|29|30|31|32|33|34|35|36|37|38|39|40|41|42|43|44|45|46|47|48|49|50|51|52|53|54|55|56|57|58|59|60|61|62|63|64)[0-9]?|N(?:75|76|77|78|79|80|81|82|83|84|85|86|87|88|89|90|91|92|93|94|95|96|97|98)[0-9]?).*,1,1,both,1,0,not_checked,,Derived from descendants: mixed and/or both components present,Derived from project hierarchy / default unless contradicted by GBD or ABDS,,0
9001270,1270,3,Enfermedades renales,Enfermedades no transmisibles,Enfermedades genitourinarias,Enfermedades renales,,"N00-N19, E10.2, E11.2, E12.2, E13.2, E14.2",^(?:N(?:00|01|02|03|04|05|06|07|08|09|10|11|12|13|14|15|16|17|18|19)[0-9]?|E102|E112|E122|E132|E142).*,1,1,both,1,0,not_checked,,Derived from descendants: mixed and/or both components present,Derived from project hierarchy / default unless contradicted by GBD or ABDS,,0
9001271,1271,4,Glomerulonefritis aguda,Enfermedades no transmisibles,Enfermedades genitourinarias,Enfermedades renales,Glomerulonefritis aguda,N00-N01,^(?:N(?:00|01)[0-9]?).*,1,1,both,1,0,not_checked,,Default structural rule: treat as potentially fatal and non-fatal unless explicit GBD/ABDS evidence indicates otherwise,Derived from project hierarchy / default unless contradicted by GBD or ABDS,,1
9001272,1272,4,Enfermedad renal crónica debida a diabetes,Enfermedades no transmisibles,Enfermedades genitourinarias,Enfermedades renales,Enfermedad renal crónica debida a diabetes,"E10.2, E11.2, E12.2, E13.2, E14.2",^(?:E102|E112|E122|E132|E142).*,1,1,both,1,0,not_checked,,Default structural rule: treat as potentially fatal and non-fatal unless explicit GBD/ABDS evidence indicates otherwise,Derived from project hierarchy / default unless contradicted by GBD or ABDS,,1
9001273,1273,4,Otras enfermedades renales crónicas,Enfermedades no transmisibles,Enfermedades genitourinarias,Enfermedades renales,Otras enfermedades renales crónicas,N02-N19,^(?:N(?:02|03|04|05|06|07|08|09|10|11|12|13|14|15|16|17|18|19)[0-9]?).*,1,1,both,1,0,not_checked,,Default structural rule: treat as potentially fatal and non-fatal unless explicit GBD/ABDS evidence indicates otherwise,Derived from project hierarchy / default unless contradicted by GBD or ABDS,,1
9001280,1280,3,Hiperplasia prostática benigna,Enfermedades no transmisibles,Enfermedades genitourinarias,Hiperplasia prostática benigna,,N40,^(?:N40[0-9]?).*,0,1,yld_only,0,0,agree,,GBD exact/near-exact match,GBD 2021 hierarchy file,Redistribuir a renales/urinarias fatales plausibles.,0
9001290,1290,3,Urolitiasis,Enfermedades no transmisibles,Enfermedades genitourinarias,Urolitiasis,,N20-N23,^(?:N(?:20|21|22|23)[0-9]?).*,1,1,both,1,0,not_checked,,Default structural rule: treat as potentially fatal and non-fatal unless explicit GBD/ABDS evidence indicates otherwise,Derived from project hierarchy / default unless contradicted by GBD or ABDS,,1
9001300,1300,3,Otras enfermedades urinarias,Enfermedades no transmisibles,Enfermedades genitourinarias,Otras enfermedades urinarias,,"N25-N39, N41-N45, N47-N51",^(?:N(?:25|26|27|28|29|30|31|32|33|34|35|36|37|38|39)[0-9]?|N(?:41|42|43|44|45)[0-9]?|N(?:47|48|49|50|51)[0-9]?).*,1,1,both,1,0,not_checked,,Default structural rule: treat as potentially fatal and non-fatal unless explicit GBD/ABDS evidence indicates otherwise,Derived from project hierarchy / default unless contradicted by GBD or ABDS,,1
9001310,1310,3,Infertilidad,Enfermedades no transmisibles,Enfermedades genitourinarias,Infertilidad,,"N46, N97",^(?:N46[0-9]?|N97[0-9]?).*,0,1,yld_only,0,0,agree,,GBD exact/near-exact match,GBD 2021 hierarchy file,Redistribuir a renales/urinarias fatales plausibles.,0
9001320,1320,3,Enfermedades ginecológicas,Enfermedades no transmisibles,Enfermedades genitourinarias,Enfermedades ginecológicas,,"N60-N64, N75-N76, N80-N96, N98",^(?:N(?:60|61|62|63|64)[0-9]?|N(?:75|76)[0-9]?|N(?:80|81|82|83|84|85|86|87|88|89|90|91|92|93|94|95|96)[0-9]?|N98[0-9]?).*,1,1,both,1,0,not_checked,,Default structural rule: treat as potentially fatal and non-fatal unless explicit GBD/ABDS evidence indicates otherwise,Derived from project hierarchy / default unless contradicted by GBD or ABDS,,1
9001330,1330,2,Enfermedades de la piel,Enfermedades no transmisibles,Enfermedades de la piel,,,L00-L98,^(?:L(?:00|01|02|03|04|05|06|07|08|09|10|11|12|13|14|15|16|17|18|19|20|21|22|23|24|25|26|27|28|29|30|31|32|33|34|35|36|37|38|39|40|41|42|43|44|45|46|47|48|49|50|51|52|53|54|55|56|57|58|59|60|61|62|63|64|65|66|67|68|69|70|71|72|73|74|75|76|77|78|79|80|81|82|83|84|85|86|87|88|89|90|91|92|93|94|95|96|97|98)[0-9]?).*,1,1,both,1,0,not_checked,,Default structural rule: treat as potentially fatal and non-fatal unless explicit GBD/ABDS evidence indicates otherwise,Derived from project hierarchy / default unless contradicted by GBD or ABDS,,1
9001340,1340,2,Enfermedades musculoesqueléticas,Enfermedades no transmisibles,Enfermedades musculoesqueléticas,,,M00-M99,^(?:M(?:00|01|02|03|04|05|06|07|08|09|10|11|12|13|14|15|16|17|18|19|20|21|22|23|24|25|26|27|28|29|30|31|32|33|34|35|36|37|38|39|40|41|42|43|44|45|46|47|48|49|50|51|52|53|54|55|56|57|58|59|60|61|62|63|64|65|66|67|68|69|70|71|72|73|74|75|76|77|78|79|80|81|82|83|84|85|86|87|88|89|90|91|92|93|94|95|96|97|98|99)[0-9]?).*,1,1,both,1,0,not_checked,,Derived from descendants: mixed and/or both components present,Derived from project hierarchy / default unless contradicted by GBD or ABDS,,0
9001350,1350,3,Artritis reumatoide,Enfermedades no transmisibles,Enfermedades musculoesqueléticas,Artritis reumatoide,,M05-M06,^(?:M(?:05|06)[0-9]?).*,1,1,both,1,0,not_checked,,Default structural rule: treat as potentially fatal and non-fatal unless explicit GBD/ABDS evidence indicates otherwise,Derived from project hierarchy / default unless contradicted by GBD or ABDS,,1
9001360,1360,3,Osteoartritis,Enfermedades no transmisibles,Enfermedades musculoesqueléticas,Osteoartritis,,M15-M19,^(?:M(?:15|16|17|18|19)[0-9]?).*,0,1,yld_only,0,0,agree,,GBD exact/near-exact match,GBD 2021 hierarchy file,Redistribuir a musculoesqueléticas fatales plausibles y/o lesiones (caídas/trauma) según edad-sexo.,0
9001370,1370,3,Gota,Enfermedades no transmisibles,Enfermedades musculoesqueléticas,Gota,,M10,^(?:M10[0-9]?).*,0,1,yld_only,0,0,agree,,GBD exact/near-exact match,GBD 2021 hierarchy file,Redistribuir a musculoesqueléticas fatales plausibles y/o lesiones (caídas/trauma) según edad-sexo.,0
9001380,1380,3,Dolor de espalda y cuello,Enfermedades no transmisibles,Enfermedades musculoesqueléticas,Dolor de espalda y cuello,,"M45-M48, M50-M54",^(?:M(?:45|46|47|48)[0-9]?|M(?:50|51|52|53|54)[0-9]?).*,0,1,yld_only,0,0,agree,,GBD exact/near-exact match,GBD 2021 hierarchy file,Redistribuir a musculoesqueléticas fatales plausibles y/o lesiones (caídas/trauma) según edad-sexo.,0
9001390,1390,3,Otros trastornos musculoesqueléticos,Enfermedades no transmisibles,Enfermedades musculoesqueléticas,Otros trastornos musculoesqueléticos,,"M00, M02, M08, M11-M13, M20-M43, M60-M99",^(?:M00[0-9]?|M02[0-9]?|M08[0-9]?|M(?:11|12|13)[0-9]?|M(?:20|21|22|23|24|25|26|27|28|29|30|31|32|33|34|35|36|37|38|39|40|41|42|43)[0-9]?|M(?:60|61|62|63|64|65|66|67|68|69|70|71|72|73|74|75|76|77|78|79|80|81|82|83|84|85|86|87|88|89|90|91|92|93|94|95|96|97|98|99)[0-9]?).*,1,1,both,1,0,not_checked,,Default structural rule: treat as potentially fatal and non-fatal unless explicit GBD/ABDS evidence indicates otherwise,Derived from project hierarchy / default unless contradicted by GBD or ABDS,,1
9001400,1400,2,Anomalías congénitas,Enfermedades no transmisibles,Anomalías congénitas,,,Q00-Q99 (menos Q86.0),^(?!Q860$)(?:Q(?:00|01|02|03|04|05|06|07|08|09|10|11|12|13|14|15|16|17|18|19|20|21|22|23|24|25|26|27|28|29|30|31|32|33|34|35|36|37|38|39|40|41|42|43|44|45|46|47|48|49|50|51|52|53|54|55|56|57|58|59|60|61|62|63|64|65|66|67|68|69|70|71|72|73|74|75|76|77|78|79|80|81|82|83|84|85|86|87|88|89|90|91|92|93|94|95|96|97|98|99)[0-9]?).*,1,1,both,1,0,not_checked,,Derived from descendants: mixed and/or both components present,Derived from project hierarchy / default unless contradicted by GBD or ABDS,,0
9001410,1410,3,Defectos del tubo neural,Enfermedades no transmisibles,Anomalías congénitas,Defectos del tubo neural,,"Q00, Q05",^(?:Q00[0-9]?|Q05[0-9]?).*,1,1,both,1,0,not_checked,,Default structural rule: treat as potentially fatal and non-fatal unless explicit GBD/ABDS evidence indicates otherwise,Derived from project hierarchy / default unless contradicted by GBD or ABDS,,1
9001420,1420,3,Fisura labial y paladar hendido,Enfermedades no transmisibles,Anomalías congénitas,Fisura labial y paladar hendido,,Q35-Q37,^(?:Q(?:35|36|37)[0-9]?).*,1,1,both,1,0,not_checked,,Default structural rule: treat as potentially fatal and non-fatal unless explicit GBD/ABDS evidence indicates otherwise,Derived from project hierarchy / default unless contradicted by GBD or ABDS,,1
9001430,1430,3,Síndrome de Down,Enfermedades no transmisibles,Anomalías congénitas,Síndrome de Down,,Q90,^(?:Q90[0-9]?).*,1,1,both,1,0,not_checked,,Default structural rule: treat as potentially fatal and non-fatal unless explicit GBD/ABDS evidence indicates otherwise,Derived from project hierarchy / default unless contradicted by GBD or ABDS,,1
9001440,1440,3,Anomalías cardíacas congénitas,Enfermedades no transmisibles,Anomalías congénitas,Anomalías cardíacas congénitas,,Q20-Q28,^(?:Q(?:20|21|22|23|24|25|26|27|28)[0-9]?).*,1,1,both,1,0,not_checked,,Default structural rule: treat as potentially fatal and non-fatal unless explicit GBD/ABDS evidence indicates otherwise,Derived from project hierarchy / default unless contradicted by GBD or ABDS,,1
9001450,1450,3,Otras anomalías cromosómicas,Enfermedades no transmisibles,Anomalías congénitas,Otras anomalías cromosómicas,,Q91-Q99,^(?:Q(?:91|92|93|94|95|96|97|98|99)[0-9]?).*,1,1,both,1,0,not_checked,,Default structural rule: treat as potentially fatal and non-fatal unless explicit GBD/ABDS evidence indicates otherwise,Derived from project hierarchy / default unless contradicted by GBD or ABDS,,1
9001460,1460,3,Otras anomalías congénitas,Enfermedades no transmisibles,Anomalías congénitas,Otras anomalías congénitas,,"Q01-Q04, Q06-Q18, Q30-Q34, Q38-Q89 (excluyendo Q86.0)",^(?:Q(?:01|02|03|04)[0-9]?|Q(?:06|07|08|09|10|11|12|13|14|15|16|17|18)[0-9]?|Q(?:30|31|32|33|34)[0-9]?|Q(?:38|39|40|41|42|43|44|45|46|47|48|49|50|51|52|53|54|55|56|57|58|59|60|61|62|63|64|65|66|67|68|69|70|71|72|73|74|75|76|77|78|79|80|81|82|83|84|85|86|87|88|89)[0-9]?).*,1,1,both,1,0,not_checked,,Default structural rule: treat as potentially fatal and non-fatal unless explicit GBD/ABDS evidence indicates otherwise,Derived from project hierarchy / default unless contradicted by GBD or ABDS,,1
9001470,1470,2,Afecciones orales,Enfermedades no transmisibles,Afecciones orales,,,K00-K14,^(?:K(?:00|01|02|03|04|05|06|07|08|09|10|11|12|13|14)[0-9]?).*,0,1,yld_only,0,1,conflict,GBD los trata como no fatales; ABDS observó pocas muertes orales y excluyó oral del scope de target diseases.,GBD exact/group: Oral disorders and component causes,GBD 2021 hierarchy file + ABDS 2018 target-scope note,Excluir del pool YLL; redirigir a digestivas/neoplasias/infecciosas fatales según grupo garbage y patrón local.,1
9001480,1480,3,Caries dental,Enfermedades no transmisibles,Afecciones orales,Caries dental,,K02,^(?:K02[0-9]?).*,0,1,yld_only,0,1,conflict,GBD los trata como no fatales; ABDS observó pocas muertes orales y excluyó oral del scope de target diseases.,GBD exact/group: Oral disorders and component causes,GBD 2021 hierarchy file + ABDS 2018 target-scope note,Excluir del pool YLL; redirigir a digestivas/neoplasias/infecciosas fatales según grupo garbage y patrón local.,1
9001490,1490,3,Enfermedad periodontal,Enfermedades no transmisibles,Afecciones orales,Enfermedad periodontal,,K05,^(?:K05[0-9]?).*,0,1,yld_only,0,1,conflict,GBD los trata como no fatales; ABDS observó pocas muertes orales y excluyó oral del scope de target diseases.,GBD exact/group: Oral disorders and component causes,GBD 2021 hierarchy file + ABDS 2018 target-scope note,Excluir del pool YLL; redirigir a digestivas/neoplasias/infecciosas fatales según grupo garbage y patrón local.,1
9001500,1500,3,Edentulismo,Enfermedades no transmisibles,Afecciones orales,Edentulismo,,-,,0,1,yld_only,0,1,conflict,GBD los trata como no fatales; ABDS observó pocas muertes orales y excluyó oral del scope de target diseases.,GBD exact/group: Oral disorders and component causes,GBD 2021 hierarchy file + ABDS 2018 target-scope note,Excluir del pool YLL; redirigir a digestivas/neoplasias/infecciosas fatales según grupo garbage y patrón local.,1
9001502,1502,3,Otros trastornos orales,Enfermedades no transmisibles,Afecciones orales,Otros trastornos orales,,"K00, K01, K03, K04, K06-K14",^(?:K00[0-9]?|K01[0-9]?|K03[0-9]?|K04[0-9]?|K(?:06|07|08|09|10|11|12|13|14)[0-9]?).*,0,1,yld_only,0,1,conflict,GBD los trata como no fatales; ABDS observó pocas muertes orales y excluyó oral del scope de target diseases.,GBD exact/group: Oral disorders and component causes,GBD 2021 hierarchy file + ABDS 2018 target-scope note,Excluir del pool YLL; redirigir a digestivas/neoplasias/infecciosas fatales según grupo garbage y patrón local.,1
9001505,1505,2,Síndrome de muerte súbita del lactante,Enfermedades no transmisibles,Síndrome de muerte súbita del lactante,,,R95,^(?:R95[0-9]?).*,1,0,yll_only,1,0,agree,Consistente con fatal burden neonatal/infantil.,GBD exact: Sudden infant death syndrome,GBD 2021 hierarchy file,,0
9001510,1510,1,Lesiones,Lesiones,,,,"V01-Y89 (menos X41-X42, X44, X45)",^(?!X41-X42[0-9]?$)(?!X44[0-9]?$)(?!X45[0-9]?$)(?:(?:V(?:01|02|03|04|05|06|07|08|09|10|11|12|13|14|15|16|17|18|19|20|21|22|23|24|25|26|27|28|29|30|31|32|33|34|35|36|37|38|39|40|41|42|43|44|45|46|47|48|49|50|51|52|53|54|55|56|57|58|59|60|61|62|63|64|65|66|67|68|69|70|71|72|73|74|75|76|77|78|79|80|81|82|83|84|85|86|87|88|89|90|91|92|93|94|95|96|97|98|99)[0-9]?|W(?:00|01|02|03|04|05|06|07|08|09|10|11|12|13|14|15|16|17|18|19|20|21|22|23|24|25|26|27|28|29|30|31|32|33|34|35|36|37|38|39|40|41|42|43|44|45|46|47|48|49|50|51|52|53|54|55|56|57|58|59|60|61|62|63|64|65|66|67|68|69|70|71|72|73|74|75|76|77|78|79|80|81|82|83|84|85|86|87|88|89|90|91|92|93|94|95|96|97|98|99)[0-9]?|X(?:00|01|02|03|04|05|06|07|08|09|10|11|12|13|14|15|16|17|18|19|20|21|22|23|24|25|26|27|28|29|30|31|32|33|34|35|36|37|38|39|40|41|42|43|44|45|46|47|48|49|50|51|52|53|54|55|56|57|58|59|60|61|62|63|64|65|66|67|68|69|70|71|72|73|74|75|76|77|78|79|80|81|82|83|84|85|86|87|88|89|90|91|92|93|94|95|96|97|98|99)[0-9]?|Y(?:00|01|02|03|04|05|06|07|08|09|10|11|12|13|14|15|16|17|18|19|20|21|22|23|24|25|26|27|28|29|30|31|32|33|34|35|36|37|38|39|40|41|42|43|44|45|46|47|48|49|50|51|52|53|54|55|56|57|58|59|60|61|62|63|64|65|66|67|68|69|70|71|72|73|74|75|76|77|78|79|80|81|82|83|84|85|86|87|88|89)[0-9]?)).*,1,1,both,1,0,not_checked,,Derived from descendants: mixed and/or both components present,Derived from project hierarchy / default unless contradicted by GBD or ABDS,,0
9001520,1520,2,Lesiones no intencionales,Lesiones,Lesiones no intencionales,,,"V01-Y89 (menos X41-X42, X44, X45)",^(?!X41-X42[0-9]?$)(?!X44[0-9]?$)(?!X45[0-9]?$)(?:(?:V(?:01|02|03|04|05|06|07|08|09|10|11|12|13|14|15|16|17|18|19|20|21|22|23|24|25|26|27|28|29|30|31|32|33|34|35|36|37|38|39|40|41|42|43|44|45|46|47|48|49|50|51|52|53|54|55|56|57|58|59|60|61|62|63|64|65|66|67|68|69|70|71|72|73|74|75|76|77|78|79|80|81|82|83|84|85|86|87|88|89|90|91|92|93|94|95|96|97|98|99)[0-9]?|W(?:00|01|02|03|04|05|06|07|08|09|10|11|12|13|14|15|16|17|18|19|20|21|22|23|24|25|26|27|28|29|30|31|32|33|34|35|36|37|38|39|40|41|42|43|44|45|46|47|48|49|50|51|52|53|54|55|56|57|58|59|60|61|62|63|64|65|66|67|68|69|70|71|72|73|74|75|76|77|78|79|80|81|82|83|84|85|86|87|88|89|90|91|92|93|94|95|96|97|98|99)[0-9]?|X(?:00|01|02|03|04|05|06|07|08|09|10|11|12|13|14|15|16|17|18|19|20|21|22|23|24|25|26|27|28|29|30|31|32|33|34|35|36|37|38|39|40|41|42|43|44|45|46|47|48|49|50|51|52|53|54|55|56|57|58|59|60|61|62|63|64|65|66|67|68|69|70|71|72|73|74|75|76|77|78|79|80|81|82|83|84|85|86|87|88|89|90|91|92|93|94|95|96|97|98|99)[0-9]?|Y(?:00|01|02|03|04|05|06|07|08|09|10|11|12|13|14|15|16|17|18|19|20|21|22|23|24|25|26|27|28|29|30|31|32|33|34|35|36|37|38|39|40|41|42|43|44|45|46|47|48|49|50|51|52|53|54|55|56|57|58|59|60|61|62|63|64|65|66|67|68|69|70|71|72|73|74|75|76|77|78|79|80|81|82|83|84|85|86|87|88|89)[0-9]?)).*,1,1,both,1,0,not_checked,,Derived from descendants: mixed and/or both components present,Derived from project hierarchy / default unless contradicted by GBD or ABDS,,0
9001530,1530,3,Lesiones por accidente de tráfico,Lesiones,Lesiones no intencionales,Lesiones por accidente de tráfico,,"V01-V04, V06, V09-V80, V87, V89, V99, Y85",^(?:V(?:01|02|03|04)[0-9]?|V06[0-9]?|V(?:09|10|11|12|13|14|15|16|17|18|19|20|21|22|23|24|25|26|27|28|29|30|31|32|33|34|35|36|37|38|39|40|41|42|43|44|45|46|47|48|49|50|51|52|53|54|55|56|57|58|59|60|61|62|63|64|65|66|67|68|69|70|71|72|73|74|75|76|77|78|79|80)[0-9]?|V87[0-9]?|V89[0-9]?|V99[0-9]?|Y85[0-9]?).*,1,1,both,1,0,not_checked,,Default structural rule: treat as potentially fatal and non-fatal unless explicit GBD/ABDS evidence indicates otherwise,Derived from project hierarchy / default unless contradicted by GBD or ABDS,,1
9001540,1540,3,Envenenamientos,Lesiones,Lesiones no intencionales,Envenenamientos,,"X40, X43, X46-X48, X49",^(?:X40[0-9]?|X43[0-9]?|X(?:46|47|48)[0-9]?|X49[0-9]?).*,1,1,both,1,0,not_checked,,Default structural rule: treat as potentially fatal and non-fatal unless explicit GBD/ABDS evidence indicates otherwise,Derived from project hierarchy / default unless contradicted by GBD or ABDS,,1
9001550,1550,3,Caídas,Lesiones,Lesiones no intencionales,Caídas,,W00-W19,^(?:W(?:00|01|02|03|04|05|06|07|08|09|10|11|12|13|14|15|16|17|18|19)[0-9]?).*,1,1,both,1,0,not_checked,,Default structural rule: treat as potentially fatal and non-fatal unless explicit GBD/ABDS evidence indicates otherwise,Derived from project hierarchy / default unless contradicted by GBD or ABDS,,1
9001560,1560,3,"Fuego, calor y sustancias calientes",Lesiones,Lesiones no intencionales,"Fuego, calor y sustancias calientes",,X00-X19,^(?:X(?:00|01|02|03|04|05|06|07|08|09|10|11|12|13|14|15|16|17|18|19)[0-9]?).*,1,1,both,1,0,not_checked,,Default structural rule: treat as potentially fatal and non-fatal unless explicit GBD/ABDS evidence indicates otherwise,Derived from project hierarchy / default unless contradicted by GBD or ABDS,,1
9001570,1570,3,Ahogamiento,Lesiones,Lesiones no intencionales,Ahogamiento,,W65-W74,^(?:W(?:65|66|67|68|69|70|71|72|73|74)[0-9]?).*,1,1,both,1,0,not_checked,,Default structural rule: treat as potentially fatal and non-fatal unless explicit GBD/ABDS evidence indicates otherwise,Derived from project hierarchy / default unless contradicted by GBD or ABDS,,1
9001575,1575,3,Exposición a fuerzas mecánicas,Lesiones,Lesiones no intencionales,Exposición a fuerzas mecánicas,,"W20-W38, W40-W43, W45, W46, W49-W52, W75, W76",^(?:W(?:20|21|22|23|24|25|26|27|28|29|30|31|32|33|34|35|36|37|38)[0-9]?|W(?:40|41|42|43)[0-9]?|W45[0-9]?|W46[0-9]?|W(?:49|50|51|52)[0-9]?|W75[0-9]?|W76[0-9]?).*,1,1,both,1,0,not_checked,,Default structural rule: treat as potentially fatal and non-fatal unless explicit GBD/ABDS evidence indicates otherwise,Derived from project hierarchy / default unless contradicted by GBD or ABDS,,1
9001580,1580,3,Desastres naturales,Lesiones,Lesiones no intencionales,Desastres naturales,,X33-X39,^(?:X(?:33|34|35|36|37|38|39)[0-9]?).*,1,1,both,1,0,not_checked,,Default structural rule: treat as potentially fatal and non-fatal unless explicit GBD/ABDS evidence indicates otherwise,Derived from project hierarchy / default unless contradicted by GBD or ABDS,,1
9001590,1590,3,Otras lesiones no intencionales,Lesiones,Lesiones no intencionales,Otras lesiones no intencionales,,"Resto de V, W39, W44, W53-W64, W77-W99, X20-X32, X50-X59 (menos X59.4), Y40-Y86 (menos Y85), Y88, Y89",^(?!Y85)(?:V(?:05|0[7-8]|8[1-6]|88|9[0-8])|W39|W44|W(?:5[3-9]|6[0-4])|W(?:7[7-9]|[8-9][0-9])|X(?:2[0-9]|3[0-2])|X(?:5[0-8]|59(?!\.4))|Y(?:4[0-9]|5[0-9]|6[0-9]|7[0-9]|8[0-6]|88|89))[0-9]?(?:\..*)?$,1,1,both,1,0,not_checked,,Default structural rule: treat as potentially fatal and non-fatal unless explicit GBD/ABDS evidence indicates otherwise,Derived from project hierarchy / default unless contradicted by GBD or ABDS,,1
9001600,1600,2,Lesiones intencionales,Lesiones,Lesiones intencionales,,,"X60-Y09, Y35-Y36, Y870, Y871",^(?:(?:X(?:60|61|62|63|64|65|66|67|68|69|70|71|72|73|74|75|76|77|78|79|80|81|82|83|84|85|86|87|88|89|90|91|92|93|94|95|96|97|98|99)[0-9]?|Y(?:00|01|02|03|04|05|06|07|08|09)[0-9]?)|Y(?:35|36)[0-9]?|Y870|Y871).*,1,1,both,1,0,not_checked,,Derived from descendants: mixed and/or both components present,Derived from project hierarchy / default unless contradicted by GBD or ABDS,,0
9001610,1610,3,Autolesiones,Lesiones,Lesiones intencionales,Autolesiones,,"X60-X84, Y870",^(?:X(?:60|61|62|63|64|65|66|67|68|69|70|71|72|73|74|75|76|77|78|79|80|81|82|83|84)[0-9]?|Y870).*,1,1,both,1,0,not_checked,,Default structural rule: treat as potentially fatal and non-fatal unless explicit GBD/ABDS evidence indicates otherwise,Derived from project hierarchy / default unless contradicted by GBD or ABDS,,1
9001620,1620,3,Violencia interpersonal,Lesiones,Lesiones intencionales,Violencia interpersonal,,"X85-Y09, Y871",^(?:(?:X(?:85|86|87|88|89|90|91|92|93|94|95|96|97|98|99)[0-9]?|Y(?:00|01|02|03|04|05|06|07|08|09)[0-9]?)|Y871).*,1,1,both,1,0,not_checked,,Default structural rule: treat as potentially fatal and non-fatal unless explicit GBD/ABDS evidence indicates otherwise,Derived from project hierarchy / default unless contradicted by GBD or ABDS,,1
9001630,1630,3,Violencia colectiva e intervención legal,Lesiones,Lesiones intencionales,Violencia colectiva e intervención legal,,Y35-Y36,^(?:Y(?:35|36)[0-9]?).*,1,1,both,1,0,not_checked,,Default structural rule: treat as potentially fatal and non-fatal unless explicit GBD/ABDS evidence indicates otherwise,Derived from project hierarchy / default unless contradicted by GBD or ABDS,,1
